subject_id,subject_name,topic_id,topic_name
anayasa_hukuku,Anayasa Hukuku,1onCZx8EEn6kThDBFjOp,Siyasi Haklar
anayasa_hukuku,Anayasa Hukuku,1v6eOxXJZDlRmtBh0P7S,Yargı
anayasa_hukuku,Anayasa Hukuku,49o0JIKSFeiJllSqVh5X,Milletvekilliği
anayasa_hukuku,Anayasa Hukuku,5dNANZOBYscfEvwzQhnA,TBMM'nin Görevleri
anayasa_hukuku,Anayasa Hukuku,6IHmz3ZjRGhQzIZWMgYI,Devletin Unsurları
anayasa_hukuku,Anayasa Hukuku,CuyjEu2K9AW3zZ9ocgpx,Bireysel Başvuru
anayasa_hukuku,Anayasa Hukuku,DcbBrZEN1YtxvxiwQSg7,Kanun Yapım Süreci
anayasa_hukuku,Anayasa Hukuku,K21jIydFGNO3YERmmnGi,Anayasa Hukukuna Giriş
anayasa_hukuku,Anayasa Hukuku,KNuKfHUxOxc2XhD158rx,Temel Hakların Niteliği
anayasa_hukuku,Anayasa Hukuku,Nfar0t7LeE6qlm0zaYjN,Anayasa Mahkemesi Görevleri
anayasa_hukuku,Anayasa Hukuku,NsT8yUjVjGvVj8LS4IPc,Sosyal ve Ekonomik Haklar
anayasa_hukuku,Anayasa Hukuku,VVLyHksPV80hcGo0LpNG,Kuvvetler Ayrılığı
anayasa_hukuku,Anayasa Hukuku,Ya9XwehVcCbRZgNW9Xap,Hakimler ve Savcılar Kurulu
anayasa_hukuku,Anayasa Hukuku,aDShawCH8AUEKzdhRiKe,Yürütme
anayasa_hukuku,Anayasa Hukuku,bTFMCGJFvTcA3GanDNX6,Hükümet Sistemleri
anayasa_hukuku,Anayasa Hukuku,f8MsedVFygU28fdYu0x8,Yargı Bağımsızlığı
anayasa_hukuku,Anayasa Hukuku,iYrrXrdz8nqIujdvjEoT,Cumhurbaşkanlığı Kararnameleri
anayasa_hukuku,Anayasa Hukuku,kYjzKQAjmCTsWn8rNfTt,Sınırlandırma Rejimi
anayasa_hukuku,Anayasa Hukuku,lIGLdQIlZdIvWDZ48M6x,Yasama
anayasa_hukuku,Anayasa Hukuku,mRzQRtOzHVlSvSUZqi8Y,Kişi Hakları
anayasa_hukuku,Anayasa Hukuku,qEN6KhdigPfR0wgCgb6P,Anayasa Kavramı
anayasa_hukuku,Anayasa Hukuku,qyJyS3u01x1hlTozZ0Iz,Temel Hak ve Özgürlükler
anayasa_hukuku,Anayasa Hukuku,rHX5Gx89sqFscSnro052,Olağanüstü Hal
anayasa_hukuku,Anayasa Hukuku,sAamvnPBCvtLPlq7OR8I,İptal Davası ve İtiraz Yolu
anayasa_hukuku,Anayasa Hukuku,uLrfjYQvVpnTiGEbXkzK,Bakanlar
anayasa_hukuku,Anayasa Hukuku,uXghyvNwIK0e32jYn0r0,Egemenlik
anayasa_hukuku,Anayasa Hukuku,uimKPUV6FpYpZXZnQJMy,Denetim Yolları
anayasa_hukuku,Anayasa Hukuku,xSeKwgqZEPC1aRhInGAU,Cumhurbaşkanı'nın Görevleri
avukatlik_hukuku,Avukatlık Hukuku,4yWMZRhNRh2f4pq8AssR,Disiplin İşlemleri
avukatlik_hukuku,Avukatlık Hukuku,5Z5HH5Uxt9kRqbpwJnHb,Baro Teşkilatı
avukatlik_hukuku,Avukatlık Hukuku,6NOEFLVIgmKbLqjMtL5e,Avukatlığa Kabul Şartları
avukatlik_hukuku,Avukatlık Hukuku,AAJevyHHCF14fLDQekFg,Avukatın Hak ve Yükümlülükleri
avukatlik_hukuku,Avukatlık Hukuku,BqxLZiE7VwsHNDy1mOYd,Uzlaştırmacı Avukat Görevlendirmesi
avukatlik_hukuku,Avukatlık Hukuku,Mwqr4jGYmFhzUfXW3gII,Avukatlık Ücreti
avukatlik_hukuku,Avukatlık Hukuku,YdsnUQCeRifY0s1kDUgb,Avukatın Hakları
avukatlik_hukuku,Avukatlık Hukuku,cQrIGh8qn4L7GwDMjkaM,Staj Şartları
avukatlik_hukuku,Avukatlık Hukuku,d6bNSb8uBxv3ezmCX2wl,Avukatın Yükümlülükleri
avukatlik_hukuku,Avukatlık Hukuku,e36wVnmAbT38oEesKFs8,9. Yargı Paketi (Avukatlık Mesleği Değişiklikleri)
avukatlik_hukuku,Avukatlık Hukuku,rd3TJFgd5CKr9EFHyCd4,Avukatlık Sözleşmesi
avukatlik_hukuku,Avukatlık Hukuku,twH9qmZAiBoaEZ9SN59R,Baro ve Disiplin
avukatlik_hukuku,Avukatlık Hukuku,uwhiNQJ3zIXhZvIr7hra,Avukatlık Mesleğine Giriş
avukatlik_hukuku,Avukatlık Hukuku,vtUWpSjb8K1yDyBJ9MOk,Avukatların Arabuluculuk Faaliyetleri
avukatlik_hukuku,Avukatlık Hukuku,x4JGhkWzOMXGEKdxHeYW,Türkiye Barolar Birliği
avukatlik_hukuku,Avukatlık Hukuku,xdYNGblIKoR3dO3ppjE9,Staj Süreci
borclar_hukuku,Borçlar Hukuku,6SbYrnAkToQgzJuEeIjs,Kusursuz Sorumluluk
borclar_hukuku,Borçlar Hukuku,71mGDRew7AGulKlD04FG,Tazminat
borclar_hukuku,Borçlar Hukuku,8gUqhJePPxVWpmJCbXyD,İade Borcu
borclar_hukuku,Borçlar Hukuku,GMHWgRdIaufo90yo1h1X,Sebepsiz Zenginleşme
borclar_hukuku,Borçlar Hukuku,HKud4FbgtSmkzpJUWiNw,Kira Sözleşmesi
borclar_hukuku,Borçlar Hukuku,KkxaUs0fBY8B7Rb6lDwa,Eser Sözleşmesi
borclar_hukuku,Borçlar Hukuku,LHg87deGAAKpQF4cDcMT,Borç İlişkisinin Kaynakları
borclar_hukuku,Borçlar Hukuku,NsbpfLGwnzVIbaX5vT1N,Özel Borç İlişkileri
borclar_hukuku,Borçlar Hukuku,OrL0j9U2r9Zbgbef7SFV,Geçersizlik Halleri
borclar_hukuku,Borçlar Hukuku,RDugW3HHJH5uzb3D9z2z,Hizmet Sözleşmesi
borclar_hukuku,Borçlar Hukuku,T0AcRj5GTPhnd9AZWDOu,Alacaklı Temerrüdü
borclar_hukuku,Borçlar Hukuku,Ti2EmVyu3ErVpAzIyr8L,Haksız Fiil
borclar_hukuku,Borçlar Hukuku,YJDrSUuQtrFclAK54MuD,Kusur Sorumluluğu
borclar_hukuku,Borçlar Hukuku,Z62WtUK17bryAwhnObTk,Borcun İfası ve Sona Ermesi
borclar_hukuku,Borçlar Hukuku,cRDMl11N9PU2U6ip9IGa,Sebepsiz Zenginleşme Şartları
borclar_hukuku,Borçlar Hukuku,d2lkzvX9e4bQyQnavfJS,Kefalet Sözleşmesi
borclar_hukuku,Borçlar Hukuku,ggG3lf4jswjgeWLLJrLU,Vekalet Sözleşmesi
borclar_hukuku,Borçlar Hukuku,isKagWLDN9MOhun4mLXl,Borçlu Temerrüdü
borclar_hukuku,Borçlar Hukuku,k3a7VJUeUU8dA3WFa3EP,Haksız Fiil Şartları
borclar_hukuku,Borçlar Hukuku,p4vxoy7l8TCzIfx2yhpr,Satış Sözleşmesi
borclar_hukuku,Borçlar Hukuku,qXO0DXzQKPGEbPyfEKBJ,Sözleşmenin Kurulması
borclar_hukuku,Borçlar Hukuku,qsQB0fkUsAmhlynbUXMk,Temsil
borclar_hukuku,Borçlar Hukuku,um0PSYX1XO9DVmMUiTzd,İfa
borclar_hukuku,Borçlar Hukuku,vdosmjP3lcMx97w63sgN,Zamanaşımı
borclar_hukuku,Borçlar Hukuku,wJSAxrrHFmiQFFvlxDJa,Sözleşmeden Doğan Borçlar
ceza_hukuku,Ceza Hukuku,1G0SSe26AjinyB2bZpKV,Devlete Karşı Suçlarda Yeni Düzenlemeler
ceza_hukuku,Ceza Hukuku,1dxYvO1faQZo5KGmHtDr,Şiddet Suçlarının Uzlaşma Kapsamından Çıkarılması
ceza_hukuku,Ceza Hukuku,77EzxIxhGk5PHXwmyKCN,Cezalar
ceza_hukuku,Ceza Hukuku,7Poe0MdG0sBkhzQyZAhG,Cinsel Suçlarda Etkin Pişmanlığın Sınırlandırılması
ceza_hukuku,Ceza Hukuku,7pIq6tOYTx1xnDm5gO5r,Cinsel Suçların Kapsamı
ceza_hukuku,Ceza Hukuku,Ala6tnxaxe3wm070WNiA,Güvenlik Tedbirleri
ceza_hukuku,Ceza Hukuku,En3PqxglaH8EPa2ppzqR,9. Yargı Paketi (TCK Değişiklikleri)
ceza_hukuku,Ceza Hukuku,FTx1UFmLkrqhIvEcknCa,Teşebbüs
ceza_hukuku,Ceza Hukuku,IMd11M5Sjv109ub5MR80,Suçun Genel Teorisi
ceza_hukuku,Ceza Hukuku,JE77mC8LdbSdQOaGjWwD,Ceza Kanunlarının Uygulanması
ceza_hukuku,Ceza Hukuku,Mwwog3W6fDGH22GJQQY0,Uzlaştırmanın Hukuki Etkileri
ceza_hukuku,Ceza Hukuku,PdBaO7NmP938pKbOZTpd,Ceza Hukukuna Giriş
ceza_hukuku,Ceza Hukuku,TZesCMFP3txOWcrqpMyC,Uzlaştırmacı Görevlendirme Usulleri
ceza_hukuku,Ceza Hukuku,VBWIHcwPH4nzAioToODA,Vücut Dokunulmazlığına Karşı Suçlar
ceza_hukuku,Ceza Hukuku,aSjZfusjVbtlXC9WWaWf,Hayata Karşı Suçlar
ceza_hukuku,Ceza Hukuku,aoEIURQoZd7HmLum8n0g,Casusluk Kapsamı Değişikliği
ceza_hukuku,Ceza Hukuku,asntaeqVhHShwTDTRb3B,İçtima
ceza_hukuku,Ceza Hukuku,bUU6Pf0BWUraCMbdERWm,İştirak
ceza_hukuku,Ceza Hukuku,cy4e3d3Okpkw45G8SvVq,Cinsel Suçlarda Cezaların Artırılması
ceza_hukuku,Ceza Hukuku,dMoRBnV7e1IyTlhaHAJ7,Uzlaştırma Kapsamı Dışına Alınan Suçlar
ceza_hukuku,Ceza Hukuku,e4s0AVC4UgDqH1fRVfLu,Malvarlığına Karşı Suçlar
ceza_hukuku,Ceza Hukuku,fgu0OkwdjQKKRY9eES4B,Suçun Özel Görünüş Şekilleri
ceza_hukuku,Ceza Hukuku,gCxkqxaWOvt7kiXfS2cY,Uzlaştırma Kapsamında Değişiklikler
ceza_hukuku,Ceza Hukuku,hDGPcmffZnkH0ad7TAwJ,Özel Suçlar
ceza_hukuku,Ceza Hukuku,jMdmMCXaxbUOswT7XC2F,Kamu İdaresine Karşı Suçlar
ceza_hukuku,Ceza Hukuku,kSG3YTGbHaW2PFB1Tjpz,Maddi Unsur
ceza_hukuku,Ceza Hukuku,nGVr2k0khi3Jwxk80HJJ,Suçta ve Cezada Kanunilik
ceza_hukuku,Ceza Hukuku,qR5TX6Yev9vD0vjw9t4u,Uzlaştırma Süresi ve Sonuçları
ceza_hukuku,Ceza Hukuku,sbgPLS2ySvV4y0u3sFag,Etki Ajanlığı (Influence Agent)
ceza_hukuku,Ceza Hukuku,tWclgcw14xUaJcZCWTTK,Ceza Hukukunun Temel İlkeleri
ceza_hukuku,Ceza Hukuku,uluC43Ph11JYYhHQIonO,Yaptırımlar
ceza_hukuku,Ceza Hukuku,vj1QRmMPkk4ZhW114fR9,Kusur
ceza_hukuku,Ceza Hukuku,y4m1re6r9aOtpDV18zQJ,Hukuka Aykırılık
ceza_hukuku,Ceza Hukuku,yqauRbGiDwpQjlmYi7xc,Koruma Tedbirlerinde Sıkılaştırma
ceza_hukuku,Ceza Hukuku,zm5uLYEOATzHDDcnQ6YW,Manevi Unsur
ceza_muhakemesi,Ceza Muhakemesi Hukuku,04U1w2pcTPBrXsYjJ0Ba,Tutuklama Şartlarında Değişiklik
ceza_muhakemesi,Ceza Muhakemesi Hukuku,092gLcv1kq40nMwMo599,CMK Temel İlkeleri
ceza_muhakemesi,Ceza Muhakemesi Hukuku,2WS4eHVPZW9z8NXoZkk0,Kovuşturma
ceza_muhakemesi,Ceza Muhakemesi Hukuku,33D0S6Dk5WVew9FCSQei,Ölçülülük İlkesi Kapsamında Revizyon
ceza_muhakemesi,Ceza Muhakemesi Hukuku,6bgrHNoVb8QWo9ys0i1A,Adli Kontrol
ceza_muhakemesi,Ceza Muhakemesi Hukuku,BjFUXmu2BVuUVFhTFQRm,9. Yargı Paketi (CMK Değişiklikleri)
ceza_muhakemesi,Ceza Muhakemesi Hukuku,CaYdLmgZIm5vYXGsearU,Soruşturma
ceza_muhakemesi,Ceza Muhakemesi Hukuku,K4Fio68x0bcXJDrkzOHq,Uzlaştırmada Süre-Yetki-Görevlendirme Değişiklikleri
ceza_muhakemesi,Ceza Muhakemesi Hukuku,KcgkOaKA9gKYZHxzNMI1,İtiraz
ceza_muhakemesi,Ceza Muhakemesi Hukuku,OriwYbDNr0YFDuHSe3Md,İddianame
ceza_muhakemesi,Ceza Muhakemesi Hukuku,RplaqAZ8VPHoFCILsxtx,Ceza Muhakemesine Giriş
ceza_muhakemesi,Ceza Muhakemesi Hukuku,TfZZf9YHFoK5ylkidsFx,İstinaf
ceza_muhakemesi,Ceza Muhakemesi Hukuku,WOzyZpMTKKZhy29SyBe4,Temyiz Sebeplerinin Genişletilmesi/Daraltılması
ceza_muhakemesi,Ceza Muhakemesi Hukuku,XwTcAAUtgBjGKL5YqKYg,Temyiz
ceza_muhakemesi,Ceza Muhakemesi Hukuku,YEKe4GFpq93pWf5MOjZE,Adli Kontrol Süreleri
ceza_muhakemesi,Ceza Muhakemesi Hukuku,aihHfV42boBVqyoCUnMt,İtiraz Sürelerinde Düzenleme
ceza_muhakemesi,Ceza Muhakemesi Hukuku,duSGBpSrHgExo7nmRtt2,Soruşturma Aşaması
ceza_muhakemesi,Ceza Muhakemesi Hukuku,e1IRyOCuOTeEB8BgL8c0,Savcı Gözetimindeki İşlemlerde Yeni Kurallar
ceza_muhakemesi,Ceza Muhakemesi Hukuku,fZkyqhiGqXkgwdhvEPfy,Yetki Kuralları
ceza_muhakemesi,Ceza Muhakemesi Hukuku,hptpNACN2umUzOtuMPuN,CMK'da Uzlaştırma Sürecinin Yeni Yapısı
ceza_muhakemesi,Ceza Muhakemesi Hukuku,hqECH7Lgy7vHQ6u40wlI,Arama-Elkoyma Kararlarında Yeni Düzenlemeler
ceza_muhakemesi,Ceza Muhakemesi Hukuku,iZs4UWA7z5Lwvmzee8i6,Deliller
ceza_muhakemesi,Ceza Muhakemesi Hukuku,jM9yI4SdoSallpQvdaBF,Arama ve Elkoyma
ceza_muhakemesi,Ceza Muhakemesi Hukuku,jMGXtkwg9cngWQ45TgrK,Delil Değerlendirmesi
ceza_muhakemesi,Ceza Muhakemesi Hukuku,l0BkebmuqAQS6nOIIdI0,İstinaf Başvuru Koşulları
ceza_muhakemesi,Ceza Muhakemesi Hukuku,nkTPEm0DOwpiKZGyTcRQ,Duruşma
ceza_muhakemesi,Ceza Muhakemesi Hukuku,pb8Ph7ClfMaIUyxTk55t,İletişimin Denetlenmesi Hükümleri
ceza_muhakemesi,Ceza Muhakemesi Hukuku,r75AO5SvwDPTYCyuDas7,İletişimin Denetlenmesi
ceza_muhakemesi,Ceza Muhakemesi Hukuku,sTZPmuHUvL7w75xpIzgz,İfade Alma-Sorgu Usulü Değişiklikleri
ceza_muhakemesi,Ceza Muhakemesi Hukuku,u9MBIe1G88PKmnSqeqeM,Kolluğun Yetkilerinde Düzenleme
ceza_muhakemesi,Ceza Muhakemesi Hukuku,usxqmM5emw1D5ZmyuWs5,Dijital Delil Toplama Usulleri
ceza_muhakemesi,Ceza Muhakemesi Hukuku,xlZleQzaYS6QHV4hXEvn,Kanun Yolları
ceza_muhakemesi,Ceza Muhakemesi Hukuku,yH5A44ekQnfjJyx6ttMC,Gözaltı
ceza_muhakemesi,Ceza Muhakemesi Hukuku,yOn8gEn6yAc1LMpMakQm,Hüküm
ceza_muhakemesi,Ceza Muhakemesi Hukuku,zS92cceKFVr9FTDH4RRl,Tutuklama
hukuk_felsefesi,Hukuk Felsefesi ve Sosyolojisi,3Oa6uyBALGV1TODpn2EP,Hukuk ve Toplum İlişkisi
hukuk_felsefesi,Hukuk Felsefesi ve Sosyolojisi,59tyR9oHrkfgpvirwJSy,Hukuki Pozitivizm
hukuk_felsefesi,Hukuk Felsefesi ve Sosyolojisi,7M1kqR3RvuDbfIpHQswn,Hukuk Sosyolojisi
hukuk_felsefesi,Hukuk Felsefesi ve Sosyolojisi,CCUm69PgEchoZxSJcgpd,Hukuk Felsefesi
hukuk_felsefesi,Hukuk Felsefesi ve Sosyolojisi,YPrp4lH9xABA4Lj9QqoB,Doğal Hukuk
hukuk_felsefesi,Hukuk Felsefesi ve Sosyolojisi,ch9hv2gNC982FpPRSEGY,Hukukun İşlevleri
icra_iflas,İcra ve İflas Hukuku,1mNlXmAikIRV88p3SakK,Konkordato
icra_iflas,İcra ve İflas Hukuku,2IWLqdH9uxvfBdzH7pm7,Kambiyo Senetlerine Özgü Takipte Değişiklikler
icra_iflas,İcra ve İflas Hukuku,3BpG9fUyQ6KJawRZv14V,Kiralanan Taşınmazların Tahliyesi
icra_iflas,İcra ve İflas Hukuku,86QKHBrXJR0tQI6IeJE9,Konkordato Sürecinde İyileştirme Hükümleri
icra_iflas,İcra ve İflas Hukuku,ApYg8dbvBNexG71V4NWN,İcra Takip Yolları
icra_iflas,İcra ve İflas Hukuku,B5AFcfTUV2I6EPvWHxOc,İlamsız Takipte Yeni Düzenlemeler
icra_iflas,İcra ve İflas Hukuku,EvdpmRdk41hfJg0hOfbi,Satış İlanı Kuralları
icra_iflas,İcra ve İflas Hukuku,FNmqo5Kl0sLoGEqyYSbg,İlamlı Takip
icra_iflas,İcra ve İflas Hukuku,GGxRXR495huxg0TFkXkw,İflas Sebepleri
icra_iflas,İcra ve İflas Hukuku,J5pOhq2yXPHMM3xHRZFG,Kiralanan Taşınmaz Tahliyesi Prosedürü
icra_iflas,İcra ve İflas Hukuku,JSWNgrEAYAH9QbhfMpMJ,İflas
icra_iflas,İcra ve İflas Hukuku,JxguOKdUFTzSJqHvzZtn,Taşınır Rehni
icra_iflas,İcra ve İflas Hukuku,OWc21Z9QMkvDoyx53b1X,Elektronik Satış Usulü
icra_iflas,İcra ve İflas Hukuku,PyPwtUnP5ncvmkjXR7K3,Rehnin Paraya Çevrilmesi
icra_iflas,İcra ve İflas Hukuku,Q4Rm8AtZd7UKTgofYerk,9. Yargı Paketi (İİK Değişiklikleri)
icra_iflas,İcra ve İflas Hukuku,RBplAeiGvPNAsYY8bRtW,Rehinli Malların Satış Usulü
icra_iflas,İcra ve İflas Hukuku,RqVnfkGb7YZRDtpqC12l,İflas Karar Süreçlerinde Değişiklikler
icra_iflas,İcra ve İflas Hukuku,U0WVHZ6Xa0IPukoH8W1y,Haczi Caiz Olmayan Mallar
icra_iflas,İcra ve İflas Hukuku,Uz7S1pLuL8Nrarj240PT,Konkordato Süreci
icra_iflas,İcra ve İflas Hukuku,V63OOFd6ZwDp0woveZX7,Haciz İşlemi
icra_iflas,İcra ve İflas Hukuku,X9Rurt4961aSSP3Uu2CB,İlamsız Takip
icra_iflas,İcra ve İflas Hukuku,XcO4vpvKHsasMFNldRlO,Paraya Çevirme Süreleri
icra_iflas,İcra ve İflas Hukuku,b5ttGvEpPdtRCs0NlwIf,İflas Tasfiyesi
icra_iflas,İcra ve İflas Hukuku,cpDWfMAleIU3WslyHrHj,İstihkak
icra_iflas,İcra ve İflas Hukuku,pXNJVn8XqqmZCblAfxKR,Açık Artırma Şartlarının Yenilenmesi
icra_iflas,İcra ve İflas Hukuku,rbLN65dmHSb0CNseivir,Taşınmaz Rehni
icra_iflas,İcra ve İflas Hukuku,scufBTtXIrq6tZCQtWQ7,Haciz
icra_iflas,İcra ve İflas Hukuku,wwrmrAIdn4b6hqS5hb69,Kambiyo Senetlerine Özgü Takip
icra_iflas,İcra ve İflas Hukuku,x1JEUsirzQ2YDIBnxumc,Teklif Farkı-Teminat Sistemi
icra_iflas,İcra ve İflas Hukuku,y0MjjGbd4KYDX3NTmWxK,Konkordato Şartları
idare_hukuku,İdare Hukuku,1HWGE59uPhvsPceAjF7D,Merkezi İdare
idare_hukuku,İdare Hukuku,9mW4jY8tdus3SZdLdRQe,Memurun Hakları
idare_hukuku,İdare Hukuku,AnLESvHTUczfEiGx2Jbe,İdari İşlemler
idare_hukuku,İdare Hukuku,IKyBhJ3x8bAZO0jcl8xi,Kamu Tüzel Kişileri
idare_hukuku,İdare Hukuku,O3nCp4hIkGOCuD5fVJEN,Kolluk Kavramı
idare_hukuku,İdare Hukuku,OsH42AbcDexmUAlCKmxt,Disiplin
idare_hukuku,İdare Hukuku,S45V8wckMQhcqM71I07k,Kolluk
idare_hukuku,İdare Hukuku,SHwtY7D7x1fKVOJi12p7,İdarenin Sorumluluğu
idare_hukuku,İdare Hukuku,VQZYOSUkQQRZp6XG2FYz,Düzenleyici İşlemler
idare_hukuku,İdare Hukuku,avq7sVO5bxdjIo8QhzT7,Memurun Yükümlülükleri
idare_hukuku,İdare Hukuku,bhNLTGTxxSY1uIfIuZD5,Memur Kavramı
idare_hukuku,İdare Hukuku,cf0KVK1z7s8pfGHuA1Jf,Kamulaştırma
idare_hukuku,İdare Hukuku,gcCtkmNjIjoEnSrRThxL,Kusursuz Sorumluluk
idare_hukuku,İdare Hukuku,lOwz1v9YiOil44Wj2WI9,Kamu Görevlileri
idare_hukuku,İdare Hukuku,o3S4u2DieZ07cnd76vxi,Kolluk Yetkileri
idare_hukuku,İdare Hukuku,ooN01pl25uVFL97fqfJ9,Bireysel İşlemler
idare_hukuku,İdare Hukuku,rUWZCIBP1xRgeJhIvtDk,İdarenin Kuruluşu
idare_hukuku,İdare Hukuku,s985X77PohpkdvrvfKbR,Kamu Malı Kavramı
idare_hukuku,İdare Hukuku,shQdikZR5nsRZiA1nig1,İdari İşlemin Unsurları
idare_hukuku,İdare Hukuku,tRkUq22FLbzNIs7vHUP6,Yerinden Yönetim
idare_hukuku,İdare Hukuku,uaPX5PiuBoX8CBjh9Oup,Kamu Malları
idare_hukuku,İdare Hukuku,vecjK1X9cugMZ5mPKE0p,Hizmet Kusuru
idari_yargilama,İdari Yargılama Usulü (İYUK),3udoocHOg1LXb5zHpTJd,Elektronik İşlemlerde İyileştirme
idari_yargilama,İdari Yargılama Usulü (İYUK),4TzBaPwy7jX4hVJ493aC,Elektronik Dosya Süreçleri
idari_yargilama,İdari Yargılama Usulü (İYUK),4yIp5fSYoiJSFUMkShz9,Ehliyet
idari_yargilama,İdari Yargılama Usulü (İYUK),C1ufrZGrc8Df4yLnJCK6,Yargılama
idari_yargilama,İdari Yargılama Usulü (İYUK),FJI0uSVSd6hI8Y9MMvsx,Temyiz
idari_yargilama,İdari Yargılama Usulü (İYUK),FpM1tj0Tb0Xyksr4lZLY,Arabuluculuk Kapsamının Genişletilmesi
idari_yargilama,İdari Yargılama Usulü (İYUK),FwX0tZokfY9IYMVYYfUf,9. Yargı Paketi (Adli Reform ve Usul Düzenlemeleri)
idari_yargilama,İdari Yargılama Usulü (İYUK),GxGsavoaIoD5kBRzTHY9,İstinaf
idari_yargilama,İdari Yargılama Usulü (İYUK),OT6OY8qnzo6XDoc75Hmc,Dava Türleri
idari_yargilama,İdari Yargılama Usulü (İYUK),Y0DbJynzX1QUsWf0SfAl,Kanun Yolları
idari_yargilama,İdari Yargılama Usulü (İYUK),aQbFodYlGwAD1rt3SMP5,Tam Yargı Davası
idari_yargilama,İdari Yargılama Usulü (İYUK),e9Xc8gqwsqTa7zDttAVv,Yargılama Aşamaları
idari_yargilama,İdari Yargılama Usulü (İYUK),fQWgLN2NllV8cMpj0VHz,Karar
idari_yargilama,İdari Yargılama Usulü (İYUK),mDR6VqMVfez2pTh8oSti,Uzlaştırma Sürecinin Yeniden Yapılandırılması
idari_yargilama,İdari Yargılama Usulü (İYUK),nUz7oiYk0JSXStKyFHvn,Hak Düşürücü Süreler
idari_yargilama,İdari Yargılama Usulü (İYUK),psnd0RnJ1zXYoC3FNx50,İptal Davası
idari_yargilama,İdari Yargılama Usulü (İYUK),qIG32ZAYpZXQHLQvSUIO,Yürütmenin Durdurulması
idari_yargilama,İdari Yargılama Usulü (İYUK),rpz667XvLsaXtCnuTItP,İdari Merci Tecavüzü
idari_yargilama,İdari Yargılama Usulü (İYUK),tJJzgX1SILiLGuuWliE7,UYAP Düzenlemeleri
idari_yargilama,İdari Yargılama Usulü (İYUK),vASr8U5r0fdtJ2zTYaCh,Dava Şartları
idari_yargilama,İdari Yargılama Usulü (İYUK),yDmDD7UMxGSCpJwCNlCL,Makul Sürede Yargılanma Düzenlemeleri
is_hukuku,İş Hukuku ve Sosyal Güvenlik,7xVl1ybPFQoMYE1tdneb,Kıdem-İhbar Tazminat Hükümlerinde Değişiklik
is_hukuku,İş Hukuku ve Sosyal Güvenlik,98M3xpNtI4dHFf2iw2Te,Zorunlu Arabuluculukta Süre ve Usul
is_hukuku,İş Hukuku ve Sosyal Güvenlik,99JF1ZfvW3TL882rMrTy,İhtiyari Arabuluculuk Usul Kuralları
is_hukuku,İş Hukuku ve Sosyal Güvenlik,9dRzf9M3ZnShttR7FjiA,İş Güvencesi
is_hukuku,İş Hukuku ve Sosyal Güvenlik,AKnUfQnyFgcHTboFp4GA,İş Uyuşmazlıklarında Dava Şartları
is_hukuku,İş Hukuku ve Sosyal Güvenlik,BYiDBC7KEWEorrm6qNh9,İhtiyari Arabuluculuk Süreç Tanımı
is_hukuku,İş Hukuku ve Sosyal Güvenlik,EO1W9an3RkiwLdyBztga,Fesih
is_hukuku,İş Hukuku ve Sosyal Güvenlik,GXjueUhldDYNIhV17YLK,Toplu İş Sözleşmesi
is_hukuku,İş Hukuku ve Sosyal Güvenlik,HrTNcaeehAXRmnKWi8uW,Yeni Zorunlu Arabuluculuk Alanları (İş-Tüketici-Ticari)
is_hukuku,İş Hukuku ve Sosyal Güvenlik,KVnPcXqgx2vt8y8clM7W,Fesih Türlerinde Düzenlemeler
is_hukuku,İş Hukuku ve Sosyal Güvenlik,Mku5TKNDpe2Ii5HYSacD,Arabuluculuk Sonrası Dava Açma Koşulları
is_hukuku,İş Hukuku ve Sosyal Güvenlik,MsAF68o1EVyRItbU4MYr,Arabuluculuk Anlaşmasının Bağlayıcılığı
is_hukuku,İş Hukuku ve Sosyal Güvenlik,ReU9MyL2yG2BnqhxH5pN,Ücret
is_hukuku,İş Hukuku ve Sosyal Güvenlik,T4y0SW8xgAFkbXJkWPj7,Emeklilik
is_hukuku,İş Hukuku ve Sosyal Güvenlik,TPqwDc1T8glCjHJMzyDT,Çalışma Süreleri
is_hukuku,İş Hukuku ve Sosyal Güvenlik,TSkSRHwr7559tpwiA1oJ,Mahkeme Onayı ve İcra Edilebilirlik Şerhi
is_hukuku,İş Hukuku ve Sosyal Güvenlik,aJgaLfniQoHUsCWYwBkg,İş Davalarında Süreler
is_hukuku,İş Hukuku ve Sosyal Güvenlik,cb5pAtWjjGPmdubFEHvh,Tazminatlar
is_hukuku,İş Hukuku ve Sosyal Güvenlik,cglkP0iqMCfmHKnwlLcC,Bildirimli Fesih
is_hukuku,İş Hukuku ve Sosyal Güvenlik,eAFQj60z3PGwANd3m9Xb,Toplu İş Hukuku
is_hukuku,İş Hukuku ve Sosyal Güvenlik,ezsWCqPlwuJDk8rclUOZ,İş Sözleşmesi Türleri
is_hukuku,İş Hukuku ve Sosyal Güvenlik,f3R6o2hQwu5Wgt0Gb6kQ,İhbar Tazminatı
is_hukuku,İş Hukuku ve Sosyal Güvenlik,fZg8ot9tKQrE8Rdj5KVQ,9. Yargı Paketi (Arabuluculuk ve İş Hukuku Değişiklikleri)
is_hukuku,İş Hukuku ve Sosyal Güvenlik,kC28GHqZ6npqkRZltsAS,Kıdem Tazminatı
is_hukuku,İş Hukuku ve Sosyal Güvenlik,nDtFjTmMpwtb5oCzSzxs,Sosyal Güvenlik
is_hukuku,İş Hukuku ve Sosyal Güvenlik,nNbdVqD99VolO7xZN4Vb,İşe İadede Arabuluculuk Zorunluluğu
is_hukuku,İş Hukuku ve Sosyal Güvenlik,r86jQ0ab9KYNNFlmAOs9,Sendika
is_hukuku,İş Hukuku ve Sosyal Güvenlik,sAjxZkmBrg0kJ2MOa66e,Grev
is_hukuku,İş Hukuku ve Sosyal Güvenlik,sx8Ah2qxOXHmsdXtB7d1,Haklı Nedenle Fesih
is_hukuku,İş Hukuku ve Sosyal Güvenlik,uaJKuMua6FUDVZ8Hlc3D,Bireysel İş Hukuku
is_hukuku,İş Hukuku ve Sosyal Güvenlik,yfPjS0GlKRQXOWAPrhWZ,Sosyal Sigortalar
medeni_hukuk,Medeni Hukuk,0NQzmkuuBAhJKJeKRUWs,Temyiz Edilebilir Kararlar
medeni_hukuk,Medeni Hukuk,6wvMkLrzOuj9YUVEKfNZ,Hak ve Fiil Ehliyeti
medeni_hukuk,Medeni Hukuk,7qVKEKfPjXIu4unDm7oP,Nişanlanma
medeni_hukuk,Medeni Hukuk,7tlE2tKhnKhRGD6cdy7k,İstinaf Sonucuna Göre Karar Türleri
medeni_hukuk,Medeni Hukuk,84Due5iWOMPxI331HFo7,Boşanma
medeni_hukuk,Medeni Hukuk,AEbv7FYW8JBjtlEm411g,Mülkiyet
medeni_hukuk,Medeni Hukuk,DPhDxM7sBUeg0qAkPP9J,Soybağı
medeni_hukuk,Medeni Hukuk,F55T64y86pSfFqJxgjsk,Nafaka
medeni_hukuk,Medeni Hukuk,FXVt95iOFmvgxTLaQ2Px,Tapu Sicili
medeni_hukuk,Medeni Hukuk,FbFj3A4yRWYmXArxpAEt,İyiniyet ve Dürüstlük Kuralı
medeni_hukuk,Medeni Hukuk,FbSeVKry2ASaUYm53jHa,Kişiliğin Korunması
medeni_hukuk,Medeni Hukuk,GKRgfZXjqpisW57v7wtx,İspat Yükü
medeni_hukuk,Medeni Hukuk,GQ7tYpRHzNTBFPEnDKR6,Bölge Adliye Mahkemesi İnceleme Kapsamı
medeni_hukuk,Medeni Hukuk,Ghs1J48Pmr8dCROeIvMP,Sınırlı Ayni Haklar
medeni_hukuk,Medeni Hukuk,GknKOBivbXCKfJkfzIVQ,Velayet
medeni_hukuk,Medeni Hukuk,KdVKo1CIRhQ4yKx4Hv2D,9. Yargı Paketi (HMK ve TMK Değişiklikleri)
medeni_hukuk,Medeni Hukuk,MuZEm1lXW17wq6r5Z74V,Soybağı Davalarında Usul Değişiklikleri
medeni_hukuk,Medeni Hukuk,NlBMfazjAJRxqfWSajzO,Gerçek Kişiler
medeni_hukuk,Medeni Hukuk,NyvyE0CGEP0H8cTbGX9B,Mirasın Geçişi
medeni_hukuk,Medeni Hukuk,Pb7XjnBKD4GVvJd6KcM7,Aile İçi Şiddet Koruma Tedbirleri
medeni_hukuk,Medeni Hukuk,R9CalffTXBEMiQhgWP0S,Ön İnceleme Aşaması Kuralları
medeni_hukuk,Medeni Hukuk,SawWUo1uDl84iATbU8p8,Kişiliğin Başlangıcı ve Sonu
medeni_hukuk,Medeni Hukuk,ShwqodI07ur0d1lgdpqH,Rehin ve İpotek
medeni_hukuk,Medeni Hukuk,T7U3zOVKQQ4B0U7IFGqg,Kısıtlılık ve Vesayet
medeni_hukuk,Medeni Hukuk,TglXs68Ax9TZegGPUtj6,Temyizde Harç-Masraf Düzenlemeleri
medeni_hukuk,Medeni Hukuk,WIUW994b1HDjcWCHN2kh,Tüzel Kişiler
medeni_hukuk,Medeni Hukuk,WTrpsn3GQ0CaXCzONSAF,Zilyetlik
medeni_hukuk,Medeni Hukuk,Xr0Qz7JsXI3Amr5gnKqE,Başlangıç Hükümleri
medeni_hukuk,Medeni Hukuk,bRRrh7OsY9oyCXJ26hhb,Vakıflar
medeni_hukuk,Medeni Hukuk,cR6MXjPqfh8CqJXENAej,Vesayet İşlemlerinde Süre-Yetki Değişiklikleri
medeni_hukuk,Medeni Hukuk,cf6JGp81kcoWXzNgxqZs,Temyiz Süresi Değişiklikleri
medeni_hukuk,Medeni Hukuk,fFpI3eebC0WtzKV9vHsm,Sürelerin Hesaplanması
medeni_hukuk,Medeni Hukuk,i3krGmhQif4BWOmi5GWE,Dava Şartlarında Düzenlemeler
medeni_hukuk,Medeni Hukuk,kXSAwyW6GCCZOsW5AqAa,Yasal Mirasçılar
medeni_hukuk,Medeni Hukuk,khwBfKZxUQwmgfTUaHcH,Elektronik Tebligat Sistemi
medeni_hukuk,Medeni Hukuk,n2HMNhk12RF40Sdmx2y1,Kişiler Hukuku
medeni_hukuk,Medeni Hukuk,quhRYf69ov9Y5eRKW2Mm,İstinaf Sebepleri
medeni_hukuk,Medeni Hukuk,sPW5YXilNa7T3SMF75MM,Eşya Hukuku
medeni_hukuk,Medeni Hukuk,soLYYYnNlPSvc8KnQoiz,Evlenme
medeni_hukuk,Medeni Hukuk,uDhxwKi9eEfMGfjk6LZj,Miras Hukuku
medeni_hukuk,Medeni Hukuk,uFbhVw6AxVdCRVYIzTiK,Tüzel Kişi Kavramı
medeni_hukuk,Medeni Hukuk,vR8ryh4Kof6yoztpnCdO,Hukukun Uygulanması
medeni_hukuk,Medeni Hukuk,whgcEYEOpv8E7knoLCMT,Saklı Pay
medeni_hukuk,Medeni Hukuk,wkBTgbvAlrWpNIi1vXHO,Ölüme Bağlı Tasarruflar
medeni_hukuk,Medeni Hukuk,wvc1iLY4hDuSUeGKtgHm,Aile Hukuku
medeni_hukuk,Medeni Hukuk,ymbtBBpDZqrMywIqGiAj,Dernekler
medeni_hukuk,Medeni Hukuk,zxMJpg27KKzbDRBvXH1k,Mal Rejimleri
milletlerarasi_hukuk,Milletlerarası Hukuk,09Wdrk5lnxYs3yccupyo,Temel Anlaşmalar
milletlerarasi_hukuk,Milletlerarası Hukuk,B3XZIFHPwW3waKxtGtXf,Uluslararası Örgütler
milletlerarasi_hukuk,Milletlerarası Hukuk,C2lINjjjx46Y4zCZpPLO,Devlet ve Tanıma
milletlerarasi_hukuk,Milletlerarası Hukuk,FOw03AUxQO19fDgdyAAK,Devletler Genel Hukuku
milletlerarasi_hukuk,Milletlerarası Hukuk,SgkaWFa0wQfoTbeBVO8J,Uluslararası Hukuk Kaynakları
mohuk,Milletlerarası Özel Hukuk (MÖHUK),6YptDuX3ajIWDtjmB54s,Uygulanacak Hukuk
mohuk,Milletlerarası Özel Hukuk (MÖHUK),AThShCR80Jtq6261oYGK,Kanunlar İhtilafı
mohuk,Milletlerarası Özel Hukuk (MÖHUK),Yck7sAT5MeNs7OkS9ANJ,MÖHUK Genel
mohuk,Milletlerarası Özel Hukuk (MÖHUK),nd99Nc2kCJQbdHJN7COX,Milletlerarası Usul Hukuku
mohuk,Milletlerarası Özel Hukuk (MÖHUK),rGKQqOEsMjOh2HrqjNqS,Yabancılar Hukuku
ticaret_hukuku,Ticaret Hukuku,37QX0sjDBO7yGKnXwE0K,9. Yargı Paketi (Ticari Uyuşmazlık Değişiklikleri)
ticaret_hukuku,Ticaret Hukuku,4tbVIVKsXrgWV4MKZy2y,Poliçe
ticaret_hukuku,Ticaret Hukuku,6NziXd1KkKbNaqn2SKnd,Şirketler Hukuku
ticaret_hukuku,Ticaret Hukuku,7P6Y8B9x9f0Xm2RI3o8N,Ticari İşletme
ticaret_hukuku,Ticaret Hukuku,9JnYWDkRVkrniSJu1j8X,Bono
ticaret_hukuku,Ticaret Hukuku,Anf51FhNxx5DrmZtWhzi,Adi Şirket
ticaret_hukuku,Ticaret Hukuku,B6qLSwqQGOQXCSbb5YO6,Çek
ticaret_hukuku,Ticaret Hukuku,BHEy310CshYfJ0dBe2ow,Kollektif ve Komandit Şirket
ticaret_hukuku,Ticaret Hukuku,FfIrVSsedgjutrVOvwXI,Tacir
ticaret_hukuku,Ticaret Hukuku,Iv6dPMb7U8BfJPgXALqi,Ticari Davalarda Zorunlu Arabuluculuk Kapsamı
ticaret_hukuku,Ticaret Hukuku,KCwmtHyeZ5AW5iK8OS7h,Limited Şirket
ticaret_hukuku,Ticaret Hukuku,WvgN6BKu69BFxlyKynoT,Ticaret Sicili
ticaret_hukuku,Ticaret Hukuku,Y7rT9IrRlbE9Y1YoYhIU,Şirket Kavramı
ticaret_hukuku,Ticaret Hukuku,dGsiTcTJ79tagWiZzEIp,Anonim Şirket Organları
ticaret_hukuku,Ticaret Hukuku,m4I88CsmWAiP9nNSjf5T,Kıymetli Evrak Temel Hükümler
ticaret_hukuku,Ticaret Hukuku,pcc892DBswfOs8hZah9s,Kıymetli Evrak
ticaret_hukuku,Ticaret Hukuku,uXh9sIZY9ILIKQeqnehA,Ticari İşletme Kavramı
ticaret_hukuku,Ticaret Hukuku,v2MuY7nGNU5gqAqlaSjT,Ticaret Unvanı
ticaret_hukuku,Ticaret Hukuku,y48wPpHx48E5o7W0DoM3,Ticari Uyuşmazlıklarda Dava Şartı Arabuluculuk
ticaret_hukuku,Ticaret Hukuku,ySEfAnamkntKV7ODwTI9,Haksız Rekabet
vergi_hukuku,Vergi Hukuku,2zhCBKVjzNuiLGJEyyuz,Vergi Borcunun Sona Ermesi
vergi_hukuku,Vergi Hukuku,AUbBejpYu1x9XwMmck2b,Vergilendirme Süreci
vergi_hukuku,Vergi Hukuku,DDs7urzrpBJOF2X0Qu3F,Vergi Kanunlarının Uygulanması
vergi_hukuku,Vergi Hukuku,ExpZ9AheCnZQwDFzsvS6,Tebliğ
vergi_hukuku,Vergi Hukuku,INDhcT6brCRJ0TuZFOFx,Vergi Sorumluluğu
vergi_hukuku,Vergi Hukuku,MTrp4R4fIKlEmWYTBx6E,Tahakkuk
vergi_hukuku,Vergi Hukuku,N0O8J7nMZgMgXm0HUZPT,Terkin
vergi_hukuku,Vergi Hukuku,Nr2hIkFlPQwvKeSyasSW,Uzlaşma
vergi_hukuku,Vergi Hukuku,PZJvPuBsNG0bqhC7z3qO,Vergi Kabahatleri
vergi_hukuku,Vergi Hukuku,SIkIXyPkzD1mkFYLRhd1,Tahsil
vergi_hukuku,Vergi Hukuku,UVlji6tdziwzYPbx7Ar6,Vergi Uyuşmazlıkları
vergi_hukuku,Vergi Hukuku,VHL8X3oCss29EQZ09m8f,Tarh
vergi_hukuku,Vergi Hukuku,a9d12Y9szIMfgsF74Fdg,Zamanaşımı
vergi_hukuku,Vergi Hukuku,aGHOQtfl3h4slXFr4l8j,Mükellefiyet
vergi_hukuku,Vergi Hukuku,cf5Jer8rgC6pZNkCFDzG,Vergi Davaları
vergi_hukuku,Vergi Hukuku,e3UaLN9Oo0Lck39MZSyU,Ödeme
vergi_hukuku,Vergi Hukuku,gDnbWoUSdhApCZ3rWZId,Vergi Suçları
vergi_hukuku,Vergi Hukuku,hWDWTlVp9jht9Ckah8gt,Vergi Hukuku Genel
vergi_hukuku,Vergi Hukuku,qiSUIxGCzJ4HQmM5jSEW,Vergi Suç ve Cezaları
