stem_key,question_id,subjectId,topicIds,difficulty,stem_full
24/11/2021 tarihli ve 7343 sayılı Kanun ile İcra ve İflas Ka,CuDyRGqwW9fftROcgR8k,icra_iflas,B5AFcfTUV2I6EPvWHxOc,medium,24/11/2021 tarihli ve 7343 sayılı Kanun ile İcra ve İflas Kanunu'nun 341. maddesinde yapılan değişiklikle çocuk teslimi emirlerinin icrasına ilişkin hukuki durum aşağıdakilerden hangisi olmuştur?
24/11/2021 tarihli ve 7343 sayılı Kanun ile İcra ve İflas Ka,cLXqSExSgNCWjPgFAYcc,icra_iflas,"Q4Rm8AtZd7UKTgofYerk,JSWNgrEAYAH9QbhfMpMJ",medium,"24/11/2021 tarihli ve 7343 sayılı Kanun ile İcra ve İflas Kanunu'nun 111/b maddesinde yapılan değişikliğe göre, elektronik açık artırmada teklifler arasındaki fark, satışa çıkarılan malın muhammen kıymetinin binde kaçından ve her halde kaç Türk lirasından az olamaz?"
"4857 sayılı İş Kanunu'na göre, bir işçinin iş sözleşmesinin ",LDjPqzLNSWRt7Jy9ftjT,is_hukuku,r86jQ0ab9KYNNFlmAOs9,medium,"4857 sayılı İş Kanunu'na göre, bir işçinin iş sözleşmesinin işveren tarafından feshedilmesi durumunda, aşağıdakilerden hangisi geçerli bir fesih sebebi oluşturmaz?"
"4857 sayılı İş Kanunu'na göre, bir işçinin iş sözleşmesinin ",jZp521t6klPvjDB3jAPs,is_hukuku,T4y0SW8xgAFkbXJkWPj7,medium,"4857 sayılı İş Kanunu'na göre, bir işçinin iş sözleşmesinin işveren tarafından feshedilmesi durumunda, aşağıdaki hallerden hangisi işçiye kıdem tazminatı ödenmesini gerektiren bir neden olarak kabul edilir?"
"4857 sayılı İş Kanunu'na göre, genel bakımdan çalışma süresi",6s4HLReH7975fwNf6Ar6,is_hukuku,TPqwDc1T8glCjHJMzyDT,easy,"4857 sayılı İş Kanunu'na göre, genel bakımdan çalışma süresi haftada en çok kaç saattir?"
"4857 sayılı İş Kanunu'na göre, genel bakımdan çalışma süresi",zH6jPzcjIMkzRIs33jPv,is_hukuku,"98M3xpNtI4dHFf2iw2Te,uaJKuMua6FUDVZ8Hlc3D",medium,"4857 sayılı İş Kanunu'na göre, genel bakımdan çalışma süresi haftada en çok kırkbeş saattir. Bu süre, tarafların anlaşması ile işyerlerinde haftanın çalışılan günlerine, günde onbir saati aşmamak koşulu ile farklı şekilde dağıtılabilir. Bu halde, iki aylık süre içinde işçinin haftalık ortalama çalışma süresi, normal haftalık çalışma süresini aşamaz. Denkleştirme süresi toplu iş sözleşmeleri ile kaç aya kadar artırılabilir?"
"4857 sayılı İş Kanunu'na göre, işçilere verilecek yıllık ücr",Gq0mlLTf1CXl35wg0xUJ,is_hukuku,GXjueUhldDYNIhV17YLK,easy,"4857 sayılı İş Kanunu'na göre, işçilere verilecek yıllık ücretli izin sürelerinin Kanun'da belirtilen asgari sınırların üzerinde belirlenmesi aşağıdaki belgelerden hangisi veya hangileri aracılığıyla yapılabilir?"
"4857 sayılı İş Kanunu'na göre, işçilere verilecek yıllık ücr",OMog3HWLMogTyMuElAJE,is_hukuku,"ReU9MyL2yG2BnqhxH5pN,uaJKuMua6FUDVZ8Hlc3D",medium,"4857 sayılı İş Kanunu'na göre, işçilere verilecek yıllık ücretli izin süreleri hizmet süresine göre belirlenmektedir. Buna göre, 16 yıl hizmet süresi olan bir işçinin yıllık ücretli izin süresi en az kaç gündür?"
"4857 sayılı İş Kanunu'na göre, işçinin haklı nedenle derhal ",w5zX4Ge5jT4r7BrEz2s2,is_hukuku,EO1W9an3RkiwLdyBztga,medium,"4857 sayılı İş Kanunu'na göre, işçinin haklı nedenle derhal fesih hakkını kullanabileceği durumlar arasında aşağıdakilerden hangisi yer almaz?"
"4857 sayılı İş Kanunu'na göre, işçinin haklı nedenle derhal ",wMgkEGtNfz2yS8Tppj92,is_hukuku,sx8Ah2qxOXHmsdXtB7d1,easy,"4857 sayılı İş Kanunu'na göre, işçinin haklı nedenle derhal fesih hakkını kullanma süresi, ahlak ve iyiniyet kurallarına uymayan haller kapsamında ne kadardır?"
"4857 sayılı İş Kanunu'nun 20. maddesi uyarınca, işe iade tal",55Oh4YFnCx7zyxIJ8tQX,is_hukuku,HrTNcaeehAXRmnKWi8uW,easy,"4857 sayılı İş Kanunu'nun 20. maddesi uyarınca, işe iade talebiyle arabulucuya başvurmaksızın doğrudan iş mahkemesinde dava açılmasının yasal sonucu aşağıdakilerden hangisidir?"
"4857 sayılı İş Kanunu'nun 20. maddesi uyarınca, işe iade tal",LgWgqjJt5546pExvwFtm,is_hukuku,99JF1ZfvW3TL882rMrTy,medium,"4857 sayılı İş Kanunu'nun 20. maddesi uyarınca, işe iade talepli arabuluculuk faaliyetinde anlaşmaya varılamaması hâlinde, iş mahkemesinde dava açma süresi ne kadardır?"
5510 sayılı Sosyal Sigortalar ve Genel Sağlık Sigortası Kanu,0mHnemWLu1Nylp16u9c8,is_hukuku,r86jQ0ab9KYNNFlmAOs9,medium,"5510 sayılı Sosyal Sigortalar ve Genel Sağlık Sigortası Kanunu'na göre, sigortalılığın başlangıcı ve sona ermesi açısından isteğe bağlı sigortalılar ile hizmet akdiyle çalışan sigortalılar arasındaki temel fark nedir?"
5510 sayılı Sosyal Sigortalar ve Genel Sağlık Sigortası Kanu,46A2DlOJhweh4dj5rcoy,is_hukuku,sAjxZkmBrg0kJ2MOa66e,hard,"5510 sayılı Sosyal Sigortalar ve Genel Sağlık Sigortası Kanunu hükümlerine göre, yasal bir grev süresinin sigortalıların sosyal güvenlik hakları üzerindeki etkileriyle ilgili aşağıdaki ifadelerden hangisi yanlıştır?"
5510 sayılı Sosyal Sigortalar ve Genel Sağlık Sigortası Kanu,4CPWab7JZyCt1YmHSdB7,is_hukuku,nDtFjTmMpwtb5oCzSzxs,easy,"5510 sayılı Sosyal Sigortalar ve Genel Sağlık Sigortası Kanunu'na göre, kısa ve/veya uzun vadeli sigorta kolları bakımından adına prim ödenmesi gereken veya kendi adına prim ödemesi gereken kişiye ne ad verilir?"
5510 sayılı Sosyal Sigortalar ve Genel Sağlık Sigortası Kanu,8LQFcGdLP4nUBKtsKt2W,is_hukuku,T4y0SW8xgAFkbXJkWPj7,easy,"5510 sayılı Sosyal Sigortalar ve Genel Sağlık Sigortası Kanunu'na göre ""hak sahibi"" kavramı aşağıdakilerden hangisini ifade etmektedir?"
5510 sayılı Sosyal Sigortalar ve Genel Sağlık Sigortası Kanu,8a9LlU8KcC423MvXm5kJ,is_hukuku,TSkSRHwr7559tpwiA1oJ,medium,"5510 sayılı Sosyal Sigortalar ve Genel Sağlık Sigortası Kanunu'nun 86. maddesi uyarınca, işverenlerin Kurum tarafından tebliğ edilen prim borcuna karşı itiraz süresi ve merci aşağıdakilerden hangisidir?"
5510 sayılı Sosyal Sigortalar ve Genel Sağlık Sigortası Kanu,A3DcGZMEVIoBsFQZqUkB,is_hukuku,T4y0SW8xgAFkbXJkWPj7,medium,"5510 sayılı Sosyal Sigortalar ve Genel Sağlık Sigortası Kanunu'na göre, sigortalıların borçlanabileceği süreler arasında aşağıdakilerden hangisi yer almaz?"
5510 sayılı Sosyal Sigortalar ve Genel Sağlık Sigortası Kanu,BGLhCrhRXdNVhBzticRc,is_hukuku,T4y0SW8xgAFkbXJkWPj7,medium,"5510 sayılı Sosyal Sigortalar ve Genel Sağlık Sigortası Kanunu'na göre, aşağıdakilerden hangisi sigortalı sayılan kişiler arasında yer alırken, diğerleri sigortalı sayılmayan kişiler arasında değerlendirilir?"
5510 sayılı Sosyal Sigortalar ve Genel Sağlık Sigortası Kanu,DKS0iahj5o4x71vhKyTK,is_hukuku,nDtFjTmMpwtb5oCzSzxs,easy,"5510 sayılı Sosyal Sigortalar ve Genel Sağlık Sigortası Kanunu'na göre, sigortalının işverence sağlanan bir taşıtla işin yapıldığı yere gidiş gelişi sırasında meydana gelen ve sigortalıyı hemen veya sonradan bedenen ya da ruhen engelli hâle getiren olay aşağıdakilerden hangisi olarak tanımlanır?"
5510 sayılı Sosyal Sigortalar ve Genel Sağlık Sigortası Kanu,DwD7me4fiQ7Wf8Tak93E,is_hukuku,T4y0SW8xgAFkbXJkWPj7,hard,5510 sayılı Sosyal Sigortalar ve Genel Sağlık Sigortası Kanunu'nun emeklilik hükümleri ile ilgili aşağıdaki ifadelerden hangisi yanlıştır?
5510 sayılı Sosyal Sigortalar ve Genel Sağlık Sigortası Kanu,GwgGYnKoUD4HXKoA1F9k,is_hukuku,r86jQ0ab9KYNNFlmAOs9,hard,"5510 sayılı Sosyal Sigortalar ve Genel Sağlık Sigortası Kanunu'na göre, Asgari İşçilik Tespit Komisyonu'nun oluşumu ve çalışma usulleri ile ilgili aşağıdaki ifadelerden hangisi yanlıştır?"
5510 sayılı Sosyal Sigortalar ve Genel Sağlık Sigortası Kanu,HH1mGZ2laNlMQpLe28sL,is_hukuku,T4y0SW8xgAFkbXJkWPj7,medium,"5510 sayılı Sosyal Sigortalar ve Genel Sağlık Sigortası Kanunu'na göre, yaşlılık aylığına hak kazanan 4. maddenin birinci fıkrasının (a) bendi kapsamındaki bir sigortalının aylığı hangi tarihten itibaren başlar?"
5510 sayılı Sosyal Sigortalar ve Genel Sağlık Sigortası Kanu,MBpe9NGeVFxdMD7HVL9U,is_hukuku,T4y0SW8xgAFkbXJkWPj7,medium,"5510 sayılı Sosyal Sigortalar ve Genel Sağlık Sigortası Kanunu'na göre, malûllük aylığı ile sürekli iş göremezlik geliri arasındaki temel farklardan biri aşağıdakilerden hangisidir?"
5510 sayılı Sosyal Sigortalar ve Genel Sağlık Sigortası Kanu,PhO9c2NGlo4JtLG6jXXh,is_hukuku,"yfPjS0GlKRQXOWAPrhWZ,sgk",easy,"5510 sayılı Sosyal Sigortalar ve Genel Sağlık Sigortası Kanununa göre, 4 üncü maddenin birinci fıkrasının (a) bendi (hizmet akdiyle çalışanlar) kapsamındaki sigortalıların kısa ve uzun vadeli sigorta kolları ile genel sağlık sigortası primlerinin ödeme yükümlüsü kimdir?"
5510 sayılı Sosyal Sigortalar ve Genel Sağlık Sigortası Kanu,RidfAgSZU4eNX4Mo0TSw,is_hukuku,T4y0SW8xgAFkbXJkWPj7,easy,"5510 sayılı Sosyal Sigortalar ve Genel Sağlık Sigortası Kanunu'na göre, Kanun'un yürürlüğe girdiği tarihten sonra ilk defa sigortalı sayılan 4/a kapsamındaki bir kadın işçinin, yaşlılık aylığına hak kazanabilmesi için genel koşullar aşağıdakilerden hangisidir?"
5510 sayılı Sosyal Sigortalar ve Genel Sağlık Sigortası Kanu,RjZQpxQ7QKe3zlRJmxJ9,is_hukuku,T4y0SW8xgAFkbXJkWPj7,medium,"5510 sayılı Sosyal Sigortalar ve Genel Sağlık Sigortası Kanunu'na göre, malûllük aylığına hak kazanma şartlarından biri olan ""malûl sayılma"" kavramı ne anlama gelmektedir?"
5510 sayılı Sosyal Sigortalar ve Genel Sağlık Sigortası Kanu,SsxYbxVUMytZrzVr5Vnw,is_hukuku,T4y0SW8xgAFkbXJkWPj7,easy,"5510 sayılı Sosyal Sigortalar ve Genel Sağlık Sigortası Kanunu'na göre, aşağıdaki işlerden hangisi için fiili hizmet süresi zammı (yıpranma payı) uygulanır?"
5510 sayılı Sosyal Sigortalar ve Genel Sağlık Sigortası Kanu,XXHVIZ13aqGAK71M9HtH,is_hukuku,nDtFjTmMpwtb5oCzSzxs,hard,"5510 sayılı Sosyal Sigortalar ve Genel Sağlık Sigortası Kanunu'na göre, ilk defa sigortalı olduğu tarihten önce en az %40 oranında engelli olduğu tespit edilen ve bu nedenle malûllük aylığından yararlanamayan bir sigortalının yaşlılık aylığına hak kazanabilmesi için hangi şartlar aranır?"
5510 sayılı Sosyal Sigortalar ve Genel Sağlık Sigortası Kanu,ZBFsYdkQH8bWbTBsGitp,is_hukuku,"yfPjS0GlKRQXOWAPrhWZ,sgk",easy,"5510 sayılı Sosyal Sigortalar ve Genel Sağlık Sigortası Kanununa göre, hizmet akdiyle çalışan (4 üncü maddenin birinci fıkrasının (a) bendi) sigortalıların sigortalılığı ne zaman sona erer ve bu durum işveren tarafından Kuruma en geç ne zaman bildirilir?"
5510 sayılı Sosyal Sigortalar ve Genel Sağlık Sigortası Kanu,a7XxKDAlxPX72fabgibn,is_hukuku,aJgaLfniQoHUsCWYwBkg,medium,"5510 sayılı Sosyal Sigortalar ve Genel Sağlık Sigortası Kanunu'nun Ek Madde 3'üne göre, iş sözleşmesinden kaynaklanmak kaydıyla yıllık izin ücreti ve bazı tazminatların zamanaşımı süresi ne kadardır?"
5510 sayılı Sosyal Sigortalar ve Genel Sağlık Sigortası Kanu,cJ6zRyPQ1FbxXt5jM2LO,is_hukuku,nDtFjTmMpwtb5oCzSzxs,medium,"5510 sayılı Sosyal Sigortalar ve Genel Sağlık Sigortası Kanunu'na göre, 4. maddenin birinci fıkrasının (a) veya (b) bentleri kapsamında sigortalı olan kadınların analık hali nedeniyle geçici iş göremezlik ödeneği alabilmesi için doğumdan önceki bir yıl içinde en az kaç gün kısa vadeli sigorta kolları primi bildirilmiş olması şartı aranır?"
5510 sayılı Sosyal Sigortalar ve Genel Sağlık Sigortası Kanu,gYgyIIMeDEU81FaIYYtl,is_hukuku,T4y0SW8xgAFkbXJkWPj7,medium,"5510 sayılı Sosyal Sigortalar ve Genel Sağlık Sigortası Kanunu'na göre, uzun vadeli sigorta kolları bakımından sigortalılık süresinin başlangıcı ile ilgili aşağıdaki ifadelerden hangisi doğrudur?"
5510 sayılı Sosyal Sigortalar ve Genel Sağlık Sigortası Kanu,h2mEbByvX04dDHrVsysw,is_hukuku,cb5pAtWjjGPmdubFEHvh,easy,"5510 sayılı Sosyal Sigortalar ve Genel Sağlık Sigortası Kanunu'na göre, iş kazası veya meslek hastalığı nedeniyle iş göremezliğe uğrayan sigortalıya geçici iş göremezlik süresince ödenen hak aşağıdakilerden hangisidir?"
5510 sayılı Sosyal Sigortalar ve Genel Sağlık Sigortası Kanu,iYWL2vPDINx7akXrXzst,is_hukuku,TSkSRHwr7559tpwiA1oJ,medium,"5510 sayılı Sosyal Sigortalar ve Genel Sağlık Sigortası Kanunu'na göre, Kurum tarafından tebliğ edilen idari para cezalarına karşı mahkemeye başvurulması, cezanın takip ve tahsilini nasıl etkiler?"
5510 sayılı Sosyal Sigortalar ve Genel Sağlık Sigortası Kanu,oaTDcnNHzwELMT2h1J5S,is_hukuku,T4y0SW8xgAFkbXJkWPj7,hard,"5510 sayılı Sosyal Sigortalar ve Genel Sağlık Sigortası Kanunu'na göre, fiilî hizmet süresi zammından yararlanan aşağıdaki sigortalılık durumlarından hangisi, 360 gün çalışmaya karşılık olarak diğerlerinden daha fazla ek gün kazandırır?"
5510 sayılı Sosyal Sigortalar ve Genel Sağlık Sigortası Kanu,rCGeNrOmH5VFhWtsGABs,is_hukuku,"yfPjS0GlKRQXOWAPrhWZ,sgk",medium,"5510 sayılı Sosyal Sigortalar ve Genel Sağlık Sigortası Kanunu'na göre, 4 üncü maddenin birinci fıkrasının (a) bendi (hizmet akdiyle çalışanlar) kapsamındaki bir sigortalıya malullük aylığı bağlanabilmesi için aşağıdakilerden hangisi gerekli şartlardan biridir?"
5510 sayılı Sosyal Sigortalar ve Genel Sağlık Sigortası Kanu,w0asVtdFrHPZd5agb1Yi,is_hukuku,"yfPjS0GlKRQXOWAPrhWZ,nDtFjTmMpwtb5oCzSzxs",easy,"5510 sayılı Sosyal Sigortalar ve Genel Sağlık Sigortası Kanunu'na göre, aşağıdakilerden hangisi kısa vadeli sigorta kolları kapsamında sayılmaz?"
5510 sayılı Sosyal Sigortalar ve Genel Sağlık Sigortası Kanu,yWIQvClmcH3ZhObvtPJp,is_hukuku,AKnUfQnyFgcHTboFp4GA,medium,"5510 sayılı Sosyal Sigortalar ve Genel Sağlık Sigortası Kanunu'na göre, bir işyerinde meydana gelen iş kazasının yetkili kolluk kuvvetlerine ve Sosyal Güvenlik Kurumu'na bildirilmesi zorunluluğu hangi süreler içinde yerine getirilmelidir?"
5510 sayılı Sosyal Sigortalar ve Genel Sağlık Sigortası Kanu,zPYVp7sALOHCuCZ8aSeb,is_hukuku,nDtFjTmMpwtb5oCzSzxs,hard,"5510 sayılı Sosyal Sigortalar ve Genel Sağlık Sigortası Kanunu'na göre, iş kazası veya meslek hastalığı, işverenin kastı veya sigortalıların sağlığını koruma ve iş güvenliği mevzuatına aykırı bir hareketi sonucu meydana gelmişse, Kurum tarafından sigortalıya veya hak sahiplerine yapılan ödemeler için işverene rücu (geri alma) hakkı hangi koşullarda kullanılır?"
6325 sayılı Hukuk Uyuşmazlıklarında Arabuluculuk Kanunu'nun ,o1YBJZflGEyufZ6TKFTl,idari_yargilama,FpM1tj0Tb0Xyksr4lZLY,hard,"6325 sayılı Hukuk Uyuşmazlıklarında Arabuluculuk Kanunu'nun 18/A maddesindeki yargılama giderleri ve vekalet ücreti sorumluluğuna ilişkin değişiklik, Anayasa Mahkemesi'nin iptal gerekçesinde vurguladığı hangi ilkenin sağlanmasına yönelik yapılmıştır?"
6325 sayılı Hukuk Uyuşmazlıklarında Arabuluculuk Kanunu'nun ,tXxiyyDxbXGMyNwJDqRw,idari_yargilama,FpM1tj0Tb0Xyksr4lZLY,easy,"6325 sayılı Hukuk Uyuşmazlıklarında Arabuluculuk Kanunu'nun 17/B maddesi uyarınca, icra edilebilirlik şerhi verilen arabuluculuk anlaşma belgesine istinaden tapu müdürlüğünde tescil talebinde bulunma yetkisi kim veya kimlere tanınmıştır?"
9. Yargı Paketi (7343 sayılı Kanun) ile İcra ve İflas Kanunu,5ssKeNDWVk5AMScvwY4V,icra_iflas,Q4Rm8AtZd7UKTgofYerk,easy,"9. Yargı Paketi (7343 sayılı Kanun) ile İcra ve İflas Kanunu'na eklenen düzenlemeler uyarınca, iş yoğunluğunun veya icra dairesi sayısının fazla olduğu illerde Adalet Bakanlığı tarafından kurulabilecek olan yeni icra organı aşağıdakilerden hangisidir?"
9. Yargı Paketi (7343 sayılı Kanun) ile İcra ve İflas Kanunu,nQQL1eyLe0LjVKoif51b,icra_iflas,Q4Rm8AtZd7UKTgofYerk,easy,"9. Yargı Paketi (7343 sayılı Kanun) ile İcra ve İflas Kanunu'nun 106. maddesinde yapılan değişikliklere göre, alacaklı veya borçlu, hacizden itibaren haczolunan malın satışını istemek için ne kadar süreye sahiptir?"
9. Yargı Paketi ile Ceza Muhakemesi Kanunu'nun 252. maddesin,BJhQXLx5U4FFG5zAmQGK,ceza_muhakemesi,"2WS4eHVPZW9z8NXoZkk0,KcgkOaKA9gKYZHxzNMI1",easy,"9. Yargı Paketi ile Ceza Muhakemesi Kanunu'nun 252. maddesinde yapılan değişikliklere göre (1/6/2024 tarihi itibarıyla), basit yargılama usulü uyarınca verilen hükümlere karşı itiraz süresi, hükmün tebliğinden itibaren ne kadardır?"
9. Yargı Paketi ile Ceza Muhakemesi Kanunu'nun 252. maddesin,gpiPWfH1w5mkK5CGBbqC,ceza_muhakemesi,BjFUXmu2BVuUVFhTFQRm,hard,9. Yargı Paketi ile Ceza Muhakemesi Kanunu'nun 252. maddesinde basit yargılama usulünde itiraza ilişkin yapılan değişiklikler çerçevesinde aşağıdaki ifadelerden hangisi yanlıştır?
9. Yargı Paketi ile Hukuk Uyuşmazlıklarında Arabuluculuk Kan,HsdwRDPf1hALCGzW1q3x,medeni_hukuk,KdVKo1CIRhQ4yKx4Hv2D,medium,"9. Yargı Paketi ile Hukuk Uyuşmazlıklarında Arabuluculuk Kanunu'nda yapılan değişikliklere göre, taşınmazın devrine ilişkin icra edilebilirlik şerhi verilen arabuluculuk anlaşma belgesine istinaden tescil talebiyle ilgili aşağıdakilerden hangisi doğrudur?"
9. Yargı Paketi ile Hukuk Uyuşmazlıklarında Arabuluculuk Kan,QA5oOTGh5RlmfqpnH4MX,avukatlik_hukuku,e36wVnmAbT38oEesKFs8,hard,"9. Yargı Paketi ile Hukuk Uyuşmazlıklarında Arabuluculuk Kanunu'nun 18/A maddesinde yapılan değişikliklere göre, arabuluculuk sürecinde geçerli bir mazereti olmaksızın ilk toplantıya katılmayan tarafın yargılama giderleri sorumluluğu ile ilgili aşağıdaki ifadelerden hangisi doğrudur?"
9. Yargı Paketi kapsamında İdari Yargılama Usulü Kanunu'nda ,0JM2YWOsLNWcbU2qZKZU,idari_yargilama,FwX0tZokfY9IYMVYYfUf,easy,"9. Yargı Paketi kapsamında İdari Yargılama Usulü Kanunu'nda yapılan düzenlemelere göre, Danıştay'da temyiz yolu açık olan vergi davaları, tam yargı davaları ve idari işlemler hakkında açılan davalar için parasal sınır ne kadardır?"
9. Yargı Paketi kapsamında İdari Yargılama Usulü Kanunu'nda ,EirSi9RsOKwHyVoyEF2o,idari_yargilama,"C1ufrZGrc8Df4yLnJCK6,Y0DbJynzX1QUsWf0SfAl",medium,"9. Yargı Paketi kapsamında İdari Yargılama Usulü Kanunu'nda yapılan güncel değişiklikler dikkate alındığında, idare ve vergi mahkemelerinin kararlarına karşı istinaf yoluna başvuruya ilişkin parasal sınır ve bu sınırın belirlenme zamanı hakkında aşağıdaki ifadelerden hangisi doğrudur?"
"Avukatlık Kanunu'na göre, avukatların arabuluculuk faaliyeti",0AoN4pVw7LyUz3NcOy8f,avukatlik_hukuku,vtUWpSjb8K1yDyBJ9MOk,easy,"Avukatlık Kanunu'na göre, avukatların arabuluculuk faaliyetinde bulunabilmesine ilişkin temel yasal dayanak aşağıdakilerden hangisidir?"
"Avukatlık Kanunu'na göre, avukatların arabuluculuk faaliyeti",pyHWe5aV0xhHWW532BhZ,avukatlik_hukuku,vtUWpSjb8K1yDyBJ9MOk,easy,"Avukatlık Kanunu'na göre, avukatların arabuluculuk faaliyetinde bulunmasına izin veren madde aşağıdakilerden hangisidir?"
"Avukatlık Kanunu'na göre, avukatların büro edinme zorunluluğ",Gl58CkNjTpdYKqEvMJp5,avukatlik_hukuku,"BqxLZiE7VwsHNDy1mOYd,AAJevyHHCF14fLDQekFg",medium,"Avukatlık Kanunu'na göre, avukatların büro edinme zorunluluğu ile ilgili olarak 2013 yılında yapılan değişiklikler göz önüne alındığında, aşağıdaki ifadelerden hangisi doğrudur?"
"Avukatlık Kanunu'na göre, avukatların büro edinme zorunluluğ",RMzh7MW61Mc0MwlRXBfb,avukatlik_hukuku,d6bNSb8uBxv3ezmCX2wl,easy,"Avukatlık Kanunu'na göre, avukatların büro edinme zorunluluğu ile ilgili olarak aşağıdakilerden hangisi yanlıştır?"
"Avukatlık Kanunu'na göre, avukatlık mesleğine kabul için ara",VZzyhEZfWWWgzz41nxTg,avukatlik_hukuku,cQrIGh8qn4L7GwDMjkaM,medium,"Avukatlık Kanunu'na göre, avukatlık mesleğine kabul için aranan genel şartlar (Madde 3) ile stajyerliğe kabul için aranan şartlar (Madde 16) karşılaştırıldığında, aşağıdakilerden hangisi yalnızca avukatlığa kabul için aranan bir şarttır?"
"Avukatlık Kanunu'na göre, avukatlık mesleğine kabul için ara",y6geg1Oa5zsE0rUcekeB,avukatlik_hukuku,cQrIGh8qn4L7GwDMjkaM,easy,"Avukatlık Kanunu'na göre, avukatlık mesleğine kabul için aranan temel şartlardan biri olan ""avukatlık stajını tamamlayarak staj bitim belgesi almış bulunmak"" ifadesi, avukat adaylarının hangi aşamayı başarıyla tamamlamış olmasını ifade eder?"
"Aşağıdakilerden hangisi, Hukuk Muhakemeleri Kanunu'na (HMK) ",BRIpF0sjUZtL1W7XBpOc,idare_hukuku,hukuk_muhakemeleri_kanunu,easy,"Aşağıdakilerden hangisi, Hukuk Muhakemeleri Kanunu'na (HMK) göre, dava konusunun değer veya tutarına bakılmaksızın Sulh Hukuk Mahkemelerinin görevine giren işlerdendir?"
"Aşağıdakilerden hangisi, Hukuk Muhakemeleri Kanunu'na (HMK) ",ExrfYcDAIf5ZixfjupoJ,idare_hukuku,hukuk_muhakemeleri_kanunu,hard,"Aşağıdakilerden hangisi, Hukuk Muhakemeleri Kanunu'na (HMK) göre, hâkimin davaya bakmaktan kendiliğinden (resen) çekinmesini gerektiren 'Yasaklılık' sebeplerinden biri DEĞİLDİR?"
Bir idare mahkemesi tarafından verilen karara karşı istinaf ,IffU3kvherdTXvUI4Yl1,idari_yargilama,GxGsavoaIoD5kBRzTHY9,medium,"Bir idare mahkemesi tarafından verilen karara karşı istinaf yoluna başvurulmuştur. Bölge idare mahkemesi, yaptığı inceleme sonucunda ilk derece mahkemesi kararını hukuka uygun bulmamıştır. Bu durumda bölge idare mahkemesi nasıl bir karar vermelidir?"
Bir idare mahkemesi tarafından verilen karara karşı istinaf ,iLeYxKytkcsVVXzUHdH5,idari_yargilama,GxGsavoaIoD5kBRzTHY9,medium,"Bir idare mahkemesi tarafından verilen karara karşı istinaf yoluna başvurulmuştur. Bölge idare mahkemesi, yaptığı inceleme sonucunda ilk derece mahkemesi kararını hukuka uygun bulmuştur. Bu durumda bölge idare mahkemesi nasıl bir karar vermelidir?"
"Bir işveren, işçisinin iş sözleşmesini geçerli bir sebep olm",5lnKZEB7nULwlpDFnimF,is_hukuku,TSkSRHwr7559tpwiA1oJ,medium,"Bir işveren, işçisinin iş sözleşmesini geçerli bir sebep olmaksızın feshetmiş ve işçi işe iade davası açmıştır. Mahkeme, feshin geçersiz olduğuna karar vermiş ve bu karar kesinleşmiştir. İşveren, kararın tebliğinden itibaren bir ay içinde işçiyi işe başlatmazsa ne tür bir yükümlülük altına girer?"
"Bir işveren, işçisinin iş sözleşmesini geçerli bir sebep olm",wk48vQXwy0flvzGbykUD,is_hukuku,7xVl1ybPFQoMYE1tdneb,medium,"Bir işveren, işçisinin iş sözleşmesini geçerli bir sebep olmaksızın feshetmiştir. İşçi, iş mahkemesinde dava açarak feshin geçersizliğini ve işe iadesini talep etmiştir. Mahkeme feshin geçersizliğine karar verirse, işverenin işçiyi işe başlatmaması halinde işçiye ne kadar tazminat ödemekle yükümlü olur?"
"Bir mükellef, yıllık gelir vergisi beyannamesini kanuni süre",96GTWaYB6WqwEjgqultK,vergi_hukuku,PZJvPuBsNG0bqhC7z3qO,medium,"Bir mükellef, yıllık gelir vergisi beyannamesini kanuni süresi geçtikten sonra, ancak vergi incelemesi başlamadan önce kendiliğinden vermiştir. Bu durumda mükellefe hangi tür vergi kabahati cezası uygulanır?"
"Bir mükellef, yıllık gelir vergisi beyannamesini kanuni süre",DnSm9UUUnMkNo2QKCOdv,vergi_hukuku,AUbBejpYu1x9XwMmck2b,hard,"Bir mükellef, yıllık gelir vergisi beyannamesini kanuni süresi içinde vermiş ancak beyannamede matrah bilgilerini eksik beyan etmiştir. Vergi dairesi tarafından yapılan incelemede bu eksiklik tespit edilmiştir. Aynı mükellef hakkında, başka bir dönem için ise defter kayıtlarının vergi matrahının doğru ve kesin tespitine imkan vermeyecek derecede karışık olduğu belirlenmiştir. Son olarak, mükellefin verginin tarhı için kanunla belirlenen sürede müracaat etmemesi durumu da ortaya çıkmıştır. Bu üç farklı durum için uygulanacak tarh şekilleri sırasıyla hangi seçenekte doğru olarak verilmiştir?"
"Ceza Muhakemesi Kanunu'na göre, ağır ceza mahkemesinin görev",Jho5MHKPvXghpn9MD7sc,ceza_muhakemesi,zS92cceKFVr9FTDH4RRl,easy,"Ceza Muhakemesi Kanunu'na göre, ağır ceza mahkemesinin görevine girmeyen işlerde tutukluluk süresi en çok ne kadardır?"
"Ceza Muhakemesi Kanunu'na göre, ağır ceza mahkemesinin görev",YhoeK5lXvOpKvT1vWHZY,ceza_muhakemesi,6bgrHNoVb8QWo9ys0i1A,hard,"Ceza Muhakemesi Kanunu'na göre, ağır ceza mahkemesinin görevine giren işlerde uygulanan adli kontrol süresi ile girmeyen işlerde uygulanan adli kontrol süresi ve bunların uzatma koşulları hakkında aşağıdakilerden hangisi *yanlıştır*?"
"Ceza Muhakemesi Kanunu'na göre, ağır ceza mahkemesinin görev",e488vOKibtmjqB7Pb0eV,ceza_muhakemesi,zS92cceKFVr9FTDH4RRl,hard,"Ceza Muhakemesi Kanunu'na göre, ağır ceza mahkemesinin görevine giren işlerde tutukluluk süresi en çok iki yıldır. Ancak, bu sürenin toplamda üç yılı geçmeyeceği ve belirli suçlarda beş yılı geçemeyeceği belirtilmiştir. Aşağıdaki suçlardan hangisi, tutukluluk süresinin beş yıla kadar uzatılabileceği özel suç kategorilerinden biri değildir?"
"Ceza Muhakemesi Kanunu'na göre, ilk derece mahkemelerinden v",LLlzlinrFQtrmIvF6zqG,ceza_muhakemesi,l0BkebmuqAQS6nOIIdI0,easy,"Ceza Muhakemesi Kanunu'na göre, ilk derece mahkemelerinden verilen hükümlere karşı genel olarak hangi kanun yoluna başvurulur?"
"Ceza Muhakemesi Kanunu'na göre, ilk derece mahkemelerinden v",kwPIZsAhHE9tBy5w5tyJ,ceza_muhakemesi,l0BkebmuqAQS6nOIIdI0,easy,"Ceza Muhakemesi Kanunu'na göre, ilk derece mahkemelerinden verilen ve on beş yıl ve daha fazla hapis cezalarına ilişkin hükümler hakkında istinaf başvurusuna gerek olmaksızın Bölge Adliye Mahkemesince nasıl bir inceleme yapılır?"
"Ceza Muhakemesi Kanunu'na göre, telekomünikasyon yoluyla ile",VvbnQrCxIsKsG7Du7v3y,ceza_muhakemesi,r75AO5SvwDPTYCyuDas7,easy,"Ceza Muhakemesi Kanunu'na göre, telekomünikasyon yoluyla iletişimin dinlenmesi ve kayda alınması tedbirine ilişkin bir karar verildiğinde, bu kararın en fazla ne kadar süre için verilebileceği ve ne şekilde uzatılabileceği doğru olarak belirtilmiştir?"
"Ceza Muhakemesi Kanunu'na göre, telekomünikasyon yoluyla ile",lds08YQtv7PMoPzGh8Ks,ceza_muhakemesi,"RplaqAZ8VPHoFCILsxtx,iZs4UWA7z5Lwvmzee8i6",medium,"Ceza Muhakemesi Kanunu'na göre, telekomünikasyon yoluyla iletişimin dinlenmesi, kayda alınması veya sinyal bilgilerinin tespiti kararı, örgüt faaliyeti çerçevesinde işlenen suçlarla ilgili olarak gerekli görülmesi hâlinde, hâkim tarafından her defasında bir aydan fazla olmamak ve toplamda ne kadar süreyi geçmemek üzere uzatılabilir?"
"Ceza Muhakemesi Kanunu'na göre, telekomünikasyon yoluyla ile",n1zxf5CHQUFwcfgm1hFF,ceza_muhakemesi,r75AO5SvwDPTYCyuDas7,easy,"Ceza Muhakemesi Kanunu'na göre, telekomünikasyon yoluyla iletişimin dinlenmesi, kayda alınması veya sinyal bilgilerinin değerlendirilmesi tedbirinin uygulanabilmesi için aşağıdaki koşullardan hangisinin bulunması zorunlu değildir?"
"Ceza Muhakemesi Kanunu'na göre, uzlaştırma teklifinde bulunu",WaQc2CZzCYog0xX4gPVe,ceza_muhakemesi,e1IRyOCuOTeEB8BgL8c0,easy,"Ceza Muhakemesi Kanunu'na göre, uzlaştırma teklifinde bulunulan şüpheli, mağdur veya suçtan zarar gören, kendisine teklif yapıldıktan sonra kararını uzlaştırmacıya bildirmek için kanunen kaç günlük süreye sahiptir?"
"Ceza Muhakemesi Kanunu'na göre, uzlaştırma teklifinde bulunu",iSF8k3ek5QHzAKp6gRBD,ceza_muhakemesi,K4Fio68x0bcXJDrkzOHq,easy,"Ceza Muhakemesi Kanunu'na göre, uzlaştırma teklifinde bulunulan şüpheli, mağdur veya suçtan zarar görenin, uzlaştırma teklifini kabul veya reddettiğini bildirmesi gereken süre kaç gündür?"
"Ceza Muhakemesi Kanunu'na göre, uzlaştırma teklifinde bulunu",lc2puBGHPuJFquA1lMhj,ceza_hukuku,qR5TX6Yev9vD0vjw9t4u,easy,"Ceza Muhakemesi Kanunu'na göre, uzlaştırma teklifinde bulunulduktan sonra taraflara kararını bildirmeleri için tanınan süre, 2023 yılında yapılan değişikliklerle kaç güne çıkarılmıştır?"
"Ceza Muhakemesi Kanunu'na göre, uzlaştırmacı olarak görevlen",BhXDnjOOj4yq426QPrNI,ceza_muhakemesi,hptpNACN2umUzOtuMPuN,easy,"Ceza Muhakemesi Kanunu'na göre, uzlaştırmacı olarak görevlendirilebilecek kişilerin sahip olması gereken mesleki niteliklere ilişkin yeni düzenleme nedir?"
"Ceza Muhakemesi Kanunu'na göre, uzlaştırmacı olarak görevlen",isRd9jg94H9hj74IN3LJ,ceza_muhakemesi,K4Fio68x0bcXJDrkzOHq,easy,"Ceza Muhakemesi Kanunu'na göre, uzlaştırmacı olarak görevlendirilebilecek kişilerin taşıması gereken temel nitelik, son yapılan düzenlemeler ışığında aşağıdakilerden hangisidir?"
"Hukuk Muhakemeleri Kanunu'na göre, Bölge Adliye Mahkemesi hu",9HLxBN4VetIQRBNRW3sn,medeni_hukuk,quhRYf69ov9Y5eRKW2Mm,medium,"Hukuk Muhakemeleri Kanunu'na göre, Bölge Adliye Mahkemesi hukuk dairesinin duruşma yapmadan karar verebileceği haller ile duruşmalı inceleme yapması gereken haller arasındaki temel ayrım aşağıdakilerden hangisidir?"
"Hukuk Muhakemeleri Kanunu'na göre, Bölge Adliye Mahkemesi hu",DU4ldg8yfVoKxTdrTEGk,medeni_hukuk,quhRYf69ov9Y5eRKW2Mm,medium,"Hukuk Muhakemeleri Kanunu'na göre, Bölge Adliye Mahkemesi hukuk dairesi, istinaf dilekçesi üzerinden yaptığı ön inceleme sonucunda aşağıdaki hallerden hangisinin varlığı durumunda duruşma yapmadan kesin olarak karar verir?"
"Hukuk Muhakemeleri Kanunu'na göre, istinaf yoluna başvurulab",I4OaL5tW8Wh2AKKcSuyI,medeni_hukuk,quhRYf69ov9Y5eRKW2Mm,medium,"Hukuk Muhakemeleri Kanunu'na göre, istinaf yoluna başvurulabilecek kararlar hangi madde kapsamında düzenlenmiştir?"
"Hukuk Muhakemeleri Kanunu'na göre, istinaf yoluna başvurulab",NEotAntKHbe1C2YX8OGx,medeni_hukuk,quhRYf69ov9Y5eRKW2Mm,medium,"Hukuk Muhakemeleri Kanunu'na göre, istinaf yoluna başvurulabilen kararları düzenleyen madde ile temyiz yoluna başvurulabilen kararları düzenleyen madde arasındaki temel fark nedir?"
"Hukuk Muhakemeleri Kanunu'na göre, istinaf yoluna başvurulab",kGAf4OfHbiEUafDdbptI,medeni_hukuk,quhRYf69ov9Y5eRKW2Mm,medium,"Hukuk Muhakemeleri Kanunu'na göre, istinaf yoluna başvurulabilen kararlar arasında aşağıdakilerden hangisi yer almaz?"
"Hukuk Muhakemeleri Kanunu'na göre, yargılama giderlerinin ka",5j6TvlsQA8h1iuEeUwgB,medeni_hukuk,TglXs68Ax9TZegGPUtj6,easy,"Hukuk Muhakemeleri Kanunu'na göre, yargılama giderlerinin kapsamına dahil olan kalemler arasında aşağıdakilerden hangisi yer almaz?"
"Hukuk Muhakemeleri Kanunu'na göre, yargılama giderlerinin ka",aNR4cB0AkVUGbfEJDN8l,medeni_hukuk,TglXs68Ax9TZegGPUtj6,medium,"Hukuk Muhakemeleri Kanunu'na göre, yargılama giderlerinin kapsamı geniş bir yelpazeyi kapsar. Temyiz harç ve giderleri ile diğer yargılama giderleri arasında, ödenme zamanı açısından belirgin bir fark bulunmaktadır. Bu farkı en iyi açıklayan ifade aşağıdakilerden hangisidir?"
"Karşılıklı borç yükleyen sözleşmelerde, borçlunun temerrüdü ",eLNECdZMK8xf3LnvCeET,borclar_hukuku,isKagWLDN9MOhun4mLXl,hard,"Karşılıklı borç yükleyen sözleşmelerde, borçlunun temerrüdü halinde alacaklıya tanınan seçimlik hakları düzenleyen TBK m. 125 hükmü ile ilgili aşağıdakilerden hangisi yanlıştır?"
"Karşılıklı borç yükleyen sözleşmelerde, borçlunun temerrüdü ",xfQMS4hpsVhpx1KIqmml,borclar_hukuku,"71mGDRew7AGulKlD04FG,Z62WtUK17bryAwhnObTk",hard,"Karşılıklı borç yükleyen sözleşmelerde, borçlunun temerrüdü halinde alacaklının ek seçimlik haklardan (ifa ve gecikme tazminatı dışındaki) yararlanabilmesi için borçluya 'mehil' (uygun bir süre) verilmesi kuralı bulunmaktadır. Aşağıdakilerden hangisi, mehil verilmesine gerek olmayan istisnai durumlardan *biri değildir*?"
"Konkordato, borçlarını vadesi geldiği hâlde ödeyemeyen veya ",JC8mWRSVJcUgVH4L3iuJ,icra_iflas,86QKHBrXJR0tQI6IeJE9,easy,"Konkordato, borçlarını vadesi geldiği hâlde ödeyemeyen veya vadesinde ödeyememe tehlikesi altında bulunan herhangi bir borçlunun, borçlarını ödeyebilmek veya muhtemel bir iflâstan kurtulmak için kanunî yöntemlerle alacaklılarıyla anlaşmaya varmasını ve bunun mahkeme tarafından tasdik edilmesini sağlayan bir hukuki kurumdur. Buna göre, konkordatonun temel amacı aşağıdakilerden hangisidir?"
"Konkordato, borçlarını vadesi geldiği hâlde ödeyemeyen veya ",LyLVXVmHGc1rJ4Yv37VY,icra_iflas,Uz7S1pLuL8Nrarj240PT,easy,"Konkordato, borçlarını vadesi geldiği hâlde ödeyemeyen veya vadesinde ödeyememe tehlikesi altında bulunan bir borçlunun, alacaklılarıyla anlaşarak borçlarını belirli bir plan dahilinde ödemesi veya iflastan kurtulması amacını taşıyan hukuki kurumdur. Bu tanıma göre konkordato sürecinin temel amacı aşağıdakilerden hangisidir?"
Konut ve çatılı işyeri kiralarında belirli süreli sözleşmele,EFs0bIzkTcV2Jlz6fOKA,borclar_hukuku,"Z62WtUK17bryAwhnObTk,borçlar_hukuku",medium,Konut ve çatılı işyeri kiralarında belirli süreli sözleşmelerin sona ermesine ilişkin olarak kiraya verenin sözleşmeyi fesih hakkı ne zaman doğar?
Konut ve çatılı işyeri kiralarında belirli süreli sözleşmele,h9JfUnZBSoFtKZezi2eD,borclar_hukuku,"Z62WtUK17bryAwhnObTk,borçlar_hukuku",medium,Konut ve çatılı işyeri kiralarında belirli süreli sözleşmelerin sona ermesi hakkında kiracının yükümlülükleri ve sözleşmenin uzama şekli ile ilgili aşağıdakilerden hangisi doğrudur?
Milletlerarası Özel Hukuk ve Usul Hukuku Hakkında Kanun'a (M,CTJGaeRHDXF1Lth4Z8LU,mohuk,rGKQqOEsMjOh2HrqjNqS,medium,"Milletlerarası Özel Hukuk ve Usul Hukuku Hakkında Kanun'a (MÖHUK) göre, hak ve fiil ehliyeti bakımından gerçek kişiler ile tüzel kişilerin tabi olduğu hukuk kuralları arasındaki temel fark aşağıdakilerden hangisidir?"
Milletlerarası Özel Hukuk ve Usul Hukuku Hakkında Kanun'a (M,Rt1XgfVMb5lHqbcGhHzK,mohuk,rGKQqOEsMjOh2HrqjNqS,medium,"Milletlerarası Özel Hukuk ve Usul Hukuku Hakkında Kanun'a (MÖHUK) göre, Türk mahkemelerinin milletlerarası yetkisini belirlemede hangi kurallar esas alınır?"
Milletlerarası Özel Hukuk ve Usul Hukuku Hakkında Kanun'a (M,bKMzEnCtOKxx4DWFmeCm,mohuk,Yck7sAT5MeNs7OkS9ANJ,hard,"Milletlerarası Özel Hukuk ve Usul Hukuku Hakkında Kanun'a (MÖHUK) göre, hâkimin yetkili yabancı hukuku re'sen uyguladığı bir durumda, yabancı hukukun kanunlar ihtilâfı kurallarının başka bir hukuku yetkili kılması (atıf/renvoi) hangi hallerde dikkate alınır ve bu hukukun hangi hükümleri uygulanır?"
Milletlerarası Özel Hukuk ve Usul Hukuku Hakkında Kanun'a (M,mFWSFBSHqZIruCKx7v5U,mohuk,Yck7sAT5MeNs7OkS9ANJ,easy,"Milletlerarası Özel Hukuk ve Usul Hukuku Hakkında Kanun'a (MÖHUK) göre, yabancılık unsuru taşıyan özel hukuka ilişkin işlem ve ilişkilerde uygulanacak hukuku belirleyen, ancak uyuşmazlığın esasını doğrudan düzenlemeyen kurallar topluluğuna ne ad verilir?"
Milletlerarası Özel Hukuk ve Usul Hukuku Hakkında Kanun'a (M,s75ZDOV5LtVkmgTgdVJc,mohuk,rGKQqOEsMjOh2HrqjNqS,medium,"Milletlerarası Özel Hukuk ve Usul Hukuku Hakkında Kanun'a (MÖHUK) göre, uygulanacak yabancı hukukun kanunlar ihtilâfı kurallarının başka bir hukuku yetkili kılması durumunda (renvoi), bu durum hangi ihtilâflarda dikkate alınır ve o hukukun hangi hükümleri uygulanır?"
Milletlerarası Özel Hukuk ve Usul Hukuku Hakkında Kanun'a (M,vjjLv8ZLx5UPMmX6TO1f,mohuk,rGKQqOEsMjOh2HrqjNqS,medium,Milletlerarası Özel Hukuk ve Usul Hukuku Hakkında Kanun'a (MÖHUK) göre yabancı hukukun uygulanmasına ilişkin aşağıdaki ifadelerden hangisi yanlıştır?
Rehinle temin edilmiş alacakların paraya çevrilmesi yoluyla ,MAE1Eg80aCQ4c0wuVpF1,icra_iflas,PyPwtUnP5ncvmkjXR7K3,hard,"Rehinle temin edilmiş alacakların paraya çevrilmesi yoluyla takipte, satış talebi için öngörülen süreler taşınır ve taşınmaz rehinleri için farklılık göstermektedir. İcra ve İflas Kanunu'na göre bu sürelerle ilgili aşağıdaki ifadelerden hangisi doğrudur?"
Rehinle temin edilmiş alacakların paraya çevrilmesi yoluyla ,goDEvijEg141zHuj17t7,icra_iflas,PyPwtUnP5ncvmkjXR7K3,hard,"Rehinle temin edilmiş alacakların paraya çevrilmesi yoluyla takipte, üçüncü şahısların rehinli mal üzerindeki istihkak iddiaları önemli bir yer tutar. İcra ve İflas Kanunu'na göre bu iddiaların işleyişi ile ilgili aşağıdaki ifadelerden hangisi yanlıştır?"
"Sosyal Sigortalar ve Genel Sağlık Sigortası Kanunu'na göre, ",KXVMSZtbfhAVgVbaA5EF,is_hukuku,sAjxZkmBrg0kJ2MOa66e,medium,"Sosyal Sigortalar ve Genel Sağlık Sigortası Kanunu'na göre, sigortalının greve iştirak etmesi halinde hastalık ve analık hükümleri açısından sigortalılık durumu hakkında aşağıdaki ifadelerden hangisi doğrudur?"
"Sosyal Sigortalar ve Genel Sağlık Sigortası Kanunu'na göre, ",YjgXJo9f0CBH2G9dizVJ,is_hukuku,sAjxZkmBrg0kJ2MOa66e,medium,"Sosyal Sigortalar ve Genel Sağlık Sigortası Kanunu'na göre, sigortalının greve iştirak etmesi durumunda hastalık ve analık sigortası kapsamındaki sigortalılık ile kısa vadeli sigorta kollarından geçici iş göremezlik ödeneği hesaplaması için geçen sürelerin dikkate alınması açısından nasıl bir fark bulunmaktadır?"
"Türk Borçlar Kanunu'na (TBK) göre, aşağıdaki durumlardan han",8QKSuIyu0i49wwHQ2a8B,borclar_hukuku,k3a7VJUeUU8dA3WFa3EP,medium,"Türk Borçlar Kanunu'na (TBK) göre, aşağıdaki durumlardan hangisi fiilin hukuka aykırılığını kaldıran hâllerden biri değildir?"
"Türk Borçlar Kanunu'na (TBK) göre, aşağıdaki durumlardan han",Girq3nBxIMT8TgpSASPz,borclar_hukuku,"LHg87deGAAKpQF4cDcMT,wJSAxrrHFmiQFFvlxDJa",medium,"Türk Borçlar Kanunu'na (TBK) göre, aşağıdaki durumlardan hangisi kural olarak bir öneri (icap) değil, öneriye davet niteliğindedir?"
"Türk Borçlar Kanunu'na göre, haksız fiil sorumluluğunda ""kus",Ij8OzEyLlMMgLB3KKMo6,borclar_hukuku,k3a7VJUeUU8dA3WFa3EP,easy,"Türk Borçlar Kanunu'na göre, haksız fiil sorumluluğunda ""kusur"" kavramının en ağır derecesi aşağıdakilerden hangisidir?"
"Türk Borçlar Kanunu'na göre, haksız fiil sorumluluğunda ""kus",b57TrL97JVM8SWWtZgHK,borclar_hukuku,YJDrSUuQtrFclAK54MuD,easy,"Türk Borçlar Kanunu'na göre, haksız fiil sorumluluğunda ""kusur"" kavramı, zarar verici davranışın hukuka aykırı sonucunu isteme veya bu sonucu istememiş olsa dahi, hukuka aykırı davranıştan kaçınmak için iradesini yeter derecede kullanmama durumunu ifade eder. Bu tanım bağlamında kusurun temel niteliği hakkında aşağıdaki ifadelerden hangisi doğrudur?"
"Türk Ceza Kanunu'na göre, soruşturulması ve kovuşturulması ş",8awSRZDPhWFpcl5lDFgh,ceza_hukuku,Mwwog3W6fDGH22GJQQY0,medium,"Türk Ceza Kanunu'na göre, soruşturulması ve kovuşturulması şikayete bağlı suçların temel nitelikleri hakkında aşağıdakilerden hangisi doğrudur?"
"Türk Ceza Kanunu'na göre, soruşturulması ve kovuşturulması ş",nOgDxqk1hhQz6Clv5c8B,ceza_hukuku,qR5TX6Yev9vD0vjw9t4u,medium,"Türk Ceza Kanunu'na göre, soruşturulması ve kovuşturulması şikayete bağlı suçlarda, şikayet süresiyle ilgili aşağıdaki ifadelerden hangisi doğrudur?"
Türk Medeni Kanunu'nun 'Koruma Amacıyla Özgürlüğün Kısıtlanm,FEuAcA8thNQMUN3fWMGD,medeni_hukuk,Pb7XjnBKD4GVvJd6KcM7,medium,"Türk Medeni Kanunu'nun 'Koruma Amacıyla Özgürlüğün Kısıtlanması'na ilişkin hükümlerine göre, bir ergin kişinin akıl hastalığı nedeniyle bir kuruma yerleştirilmesine karar verilmesi ile bir küçüğün velayet altına alınması arasındaki temel benzerlik nedir?"
Türk Medeni Kanunu'nun 'Koruma Amacıyla Özgürlüğün Kısıtlanm,Za8WFU4NI40KrbPwbBT0,medeni_hukuk,Pb7XjnBKD4GVvJd6KcM7,medium,"Türk Medeni Kanunu'nun 'Koruma Amacıyla Özgürlüğün Kısıtlanması' başlıklı hükümlerine (MK m. 432-437) göre, bir ergin kişinin akıl hastalığı, alkol veya uyuşturucu madde bağımlılığı sebebiyle kısıtlanarak bir kuruma yerleştirilmesi ile velayetin kaldırılmasına ilişkin hükümler arasındaki temel fark aşağıdakilerden hangisidir?"
Türk Ticaret Kanunu'na (TTK) göre bir işletmenin ticari işle,LuOzVsw5EtKqw8Ds1M2O,ticaret_hukuku,uXh9sIZY9ILIKQeqnehA,easy,Türk Ticaret Kanunu'na (TTK) göre bir işletmenin ticari işletme olarak kabul edilebilmesi için taşıması gereken temel unsurlar arasında aşağıdakilerden hangisi yer almaz?
Türk Ticaret Kanunu'na (TTK) göre bir işletmenin ticari işle,dih9ddbK3s25IPBcHrnd,ticaret_hukuku,7P6Y8B9x9f0Xm2RI3o8N,easy,Türk Ticaret Kanunu'na (TTK) göre bir işletmenin ticari işletme olarak kabul edilebilmesi için taşıması gereken temel unsurlar arasında aşağıdakilerden hangisi yer almaz?
"Türk Ticaret Kanunu'na (TTK) göre, haksız rekabet fiili sebe",PKuko1vH4YGnoc1b2Tnv,ticaret_hukuku,ySEfAnamkntKV7ODwTI9,easy,"Türk Ticaret Kanunu'na (TTK) göre, haksız rekabet fiili sebebiyle dava açma hakkını haiz olanlar arasında aşağıdakilerden hangisi *bulunmaz*?"
"Türk Ticaret Kanunu'na (TTK) göre, haksız rekabet fiili sebe",VabT4cr6lYuND4U81epO,ticaret_hukuku,"ySEfAnamkntKV7ODwTI9,7P6Y8B9x9f0Xm2RI3o8N",medium,"Türk Ticaret Kanunu'na (TTK) göre, haksız rekabet fiili sebebiyle zarar gören veya böyle bir tehlikeyle karşılaşabilecek olan bir kimsenin açabileceği davalar arasında aşağıdakilerden hangisi yer almaz?"
"Türkiye Büyük Millet Meclisi İçtüzüğü'ne göre, bir milletvek",r7RX1299MmYmINVDoKYW,anayasa_hukuku,lIGLdQIlZdIvWDZ48M6x,medium,"Türkiye Büyük Millet Meclisi İçtüzüğü'ne göre, bir milletvekilinin Meclis çalışmalarına özürsüz veya izinsiz olarak bir ay içinde toplam beş birleşim günü katılmaması durumunda uygulanacak müeyyide aşağıdakilerden hangisidir?"
"Türkiye Büyük Millet Meclisi İçtüzüğü'ne göre, bir milletvek",rWPPxYl5sS2xDojTaxOi,anayasa_hukuku,49o0JIKSFeiJllSqVh5X,hard,"Türkiye Büyük Millet Meclisi İçtüzüğü'ne göre, bir milletvekilinin devamsızlık nedeniyle üyeliğinin düşmesi süreci, istifa nedeniyle üyeliğinin düşmesi sürecinden hangi yönden farklılık gösterir?"
"Türkiye Büyük Millet Meclisi İçtüzüğü'ne göre, kanun teklifl",63yLvKHIz5InCEND9LBz,anayasa_hukuku,lIGLdQIlZdIvWDZ48M6x,hard,"Türkiye Büyük Millet Meclisi İçtüzüğü'ne göre, kanun tekliflerinin Genel Kurul'da görüşülmesi ve değişiklik önergeleriyle ilgili aşağıdaki ifadelerden hangisi yanlıştır?"
"Türkiye Büyük Millet Meclisi İçtüzüğü'ne göre, kanun teklifl",bPNx8PzjVvQapmF7Anu2,anayasa_hukuku,"DcbBrZEN1YtxvxiwQSg7,lIGLdQIlZdIvWDZ48M6x",medium,"Türkiye Büyük Millet Meclisi İçtüzüğü'ne göre, kanun tekliflerinin Genel Kurulda görüşülmesi sırasında, teklifin tümünün oylanmasından önce milletvekillerinin kürsüden oy kullanma niyetlerini belirtmek istemeleri halinde, Başkan'ın izleyeceği usul aşağıdakilerden hangisidir?"
Türkiye Büyük Millet Meclisinin bilgi edinme ve denetim yoll,VMoqUCYshfrkroktQrnc,anayasa_hukuku,5dNANZOBYscfEvwzQhnA,medium,Türkiye Büyük Millet Meclisinin bilgi edinme ve denetim yolları arasında yer alan 'Meclis soruşturması' ve 'yazılı soru' arasındaki temel fark aşağıdakilerden hangisidir?
Türkiye Büyük Millet Meclisinin bilgi edinme ve denetim yoll,ZOUW2SjzugOxYmRLzqtB,anayasa_hukuku,5dNANZOBYscfEvwzQhnA,easy,"Türkiye Büyük Millet Meclisinin bilgi edinme ve denetim yollarından biri olan ""Meclis araştırması""nın tanımı aşağıdakilerden hangisidir?"
"Vergi Usul Kanunu'na göre, mükellefler ile idare arasındaki ",3fPnYo0RipwdhJ4No8Nn,vergi_hukuku,UVlji6tdziwzYPbx7Ar6,easy,"Vergi Usul Kanunu'na göre, mükellefler ile idare arasındaki vergi uyuşmazlıklarının yargı yoluna gitmeden önce çözümlenmesini sağlayan idari yöntem aşağıdakilerden hangisidir?"
"Vergi Usul Kanunu'na göre, mükellefler ile idare arasındaki ",CiXa15LBdth9DkuCI9J1,vergi_hukuku,UVlji6tdziwzYPbx7Ar6,hard,"Vergi Usul Kanunu'na göre, mükellefler ile idare arasındaki vergi uyuşmazlıklarının çözümü için uygulanan uzlaşma müessesesi hakkında aşağıdaki ifadelerden hangisi yanlıştır?"
İcra ve İflas Kanunu'na göre elektronik ortamda yapılan açık,QasZnKjBaZWP1ZL1NSWI,icra_iflas,x1JEUsirzQ2YDIBnxumc,easy,İcra ve İflas Kanunu'na göre elektronik ortamda yapılan açık artırmalara katılımda yatırılması zorunlu olan teminatın temel amacı aşağıdakilerden hangisidir?
İcra ve İflas Kanunu'na göre elektronik ortamda yapılan açık,gtiEIXCdW73Mf9UZ2LHk,icra_iflas,x1JEUsirzQ2YDIBnxumc,easy,"İcra ve İflas Kanunu'na göre elektronik ortamda yapılan açık artırmalarda ""teklif farkı"" kuralı aşağıdakilerden hangisini ifade eder?"
"İcra ve İflas Kanunu'na göre, elektronik ortamda yapılan açı",cD2rAYdh9P4IBEbuHmSO,icra_iflas,x1JEUsirzQ2YDIBnxumc,medium,"İcra ve İflas Kanunu'na göre, elektronik ortamda yapılan açık artırmalarda katılımcılardan istenen teminat miktarı ile ihalenin geçerli sayılması için gereken asgari teklif oranı arasındaki ilişki hakkında aşağıdakilerden hangisi doğrudur?"
"İcra ve İflas Kanunu'na göre, elektronik ortamda yapılan açı",oJ8LINLbOBdKZh2xasv6,icra_iflas,x1JEUsirzQ2YDIBnxumc,hard,"İcra ve İflas Kanunu'na göre, elektronik ortamda yapılan açık artırmada en yüksek teklifi veren kişinin ihale bedelini süresi içinde yatırmaması hâlinde, yatırdığı teminatın iade edilmeyip öncelikle satış masraflarından düşülmek üzere hak sahiplerine mahsuben ödeneceği hükmü hangi maddede düzenlenmiştir?"
"İcra ve İflas Kanunu'na göre, hacizli taşınır ve taşınmaz ma",VxZOb0TCh2IVC39RNrQB,icra_iflas,EvdpmRdk41hfJg0hOfbi,medium,"İcra ve İflas Kanunu'na göre, hacizli taşınır ve taşınmaz malların satış talebi süreleri arasındaki temel fark nedir?"
"İcra ve İflas Kanunu'na göre, hacizli taşınır ve taşınmaz ma",dMzslgtHCRPq5mUhVNxg,icra_iflas,pXNJVn8XqqmZCblAfxKR,easy,"İcra ve İflas Kanunu'na göre, hacizli taşınır ve taşınmaz malların satışının istenmesi için belirlenen genel süre ve bu sürenin yasal sonucu aşağıdakilerden hangisidir?"
"İcra ve İflas Kanunu'na göre, kambiyo senetlerine özgü haciz",cyQcgylMpaCKgDBtdyIm,icra_iflas,2IWLqdH9uxvfBdzH7pm7,easy,"İcra ve İflas Kanunu'na göre, kambiyo senetlerine özgü haciz yoluyla takipte borçlunun ödeme emrine itiraz süresi hangi maddede düzenlenmiştir?"
"İcra ve İflas Kanunu'na göre, kambiyo senetlerine özgü haciz",gNOQeio8AKrKtwMjUfb7,icra_iflas,"JSWNgrEAYAH9QbhfMpMJ,ApYg8dbvBNexG71V4NWN",medium,"İcra ve İflas Kanunu'na göre, kambiyo senetlerine özgü haciz yoluyla takipte borçlu, ödeme emrindeki imza kendisine ait olmadığı iddiasında ise, bunu ödeme emrinin tebliğinden itibaren kaç gün içinde icra mahkemesine bildirmek zorundadır?"
"İcra ve İflas Kanunu'na göre, kira bedelinin ödenmemesi nede",3Lf3WVNuIiQGZlfN1nGf,icra_iflas,"JSWNgrEAYAH9QbhfMpMJ,ApYg8dbvBNexG71V4NWN",medium,"İcra ve İflas Kanunu'na göre, kira bedelinin ödenmemesi nedeniyle kiralanan taşınmazın tahliyesi takibinde, borçlu kiracının ödeme emrine itiraz süresi kaç gündür?"
"İcra ve İflas Kanunu'na göre, kira bedelinin ödenmemesi nede",Qmca0MFcSNlhFJA0Yk46,icra_iflas,J5pOhq2yXPHMM3xHRZFG,easy,"İcra ve İflas Kanunu'na göre, kira bedelinin ödenmemesi nedeniyle başlatılan ilamsız tahliye takibinde, ödeme emrini alan kiracının itiraz süresi kaç gündür?"
"İcra ve İflas Kanunu'na göre, rehnin paraya çevrilmesi yoluy",CBaICsnxH8jiTT69mvKV,icra_iflas,JxguOKdUFTzSJqHvzZtn,medium,"İcra ve İflas Kanunu'na göre, rehnin paraya çevrilmesi yoluyla takipte satış usulüne ilişkin olarak hangi kanun maddeleri kıyas yoluyla uygulanır?"
"İcra ve İflas Kanunu'na göre, rehnin paraya çevrilmesi yoluy",n81sKWCVrLhUvCPGfv5i,icra_iflas,JxguOKdUFTzSJqHvzZtn,easy,"İcra ve İflas Kanunu'na göre, rehnin paraya çevrilmesi yoluyla takipte taşınır ve taşınmaz rehinlerinin satış talebi süreleri arasındaki fark aşağıdakilerden hangisidir?"
"İcra ve İflas Kanunu'nun 106. maddesine göre, alacaklı veya ",NuKyzcDqwXn4izJ6sSGx,icra_iflas,pXNJVn8XqqmZCblAfxKR,easy,"İcra ve İflas Kanunu'nun 106. maddesine göre, alacaklı veya borçlu, hacizden itibaren haczolunan malın satışını ne kadar süre içinde isteyebilir?"
"İcra ve İflas Kanunu'nun 106. maddesine göre, alacaklı veya ",ataj8e5fEBmBLk9i8goy,icra_iflas,XcO4vpvKHsasMFNldRlO,easy,"İcra ve İflas Kanunu'nun 106. maddesine göre, alacaklı veya borçlu, hacizden itibaren haczolunan malın satışını isteme süresi ne kadardır?"
"İdari Yargılama Usulü Kanunu (İYUK) Madde 27'ye göre, yürütm",IOwj8fikSK5DXBrDQKEg,idari_yargilama,qIG32ZAYpZXQHLQvSUIO,easy,"İdari Yargılama Usulü Kanunu (İYUK) Madde 27'ye göre, yürütmenin durdurulması kararı verilebilmesi için hangi iki temel koşulun birlikte gerçekleşmesi aranır?"
"İdari Yargılama Usulü Kanunu (İYUK) Madde 27'ye göre, yürütm",RO9jaelx6xsYf8GtB7V9,idari_yargilama,qIG32ZAYpZXQHLQvSUIO,hard,"İdari Yargılama Usulü Kanunu (İYUK) Madde 27'ye göre, yürütmenin durdurulması istemleri hakkında verilen kararlara karşı itiraz süreci ve yetkili merci aşağıdakilerden hangisinde doğru olarak belirtilmiştir?"
"İdari Yargılama Usulü Kanunu'na (İYUK) göre, idare ve vergi ",8oZxt3lgP8LKyzDBLWJM,idari_yargilama,GxGsavoaIoD5kBRzTHY9,easy,"İdari Yargılama Usulü Kanunu'na (İYUK) göre, idare ve vergi mahkemelerinin nihai kararlarına karşı başvurulabilecek olağan kanun yolu aşağıdakilerden hangisidir?"
"İdari Yargılama Usulü Kanunu'na (İYUK) göre, idare ve vergi ",ot2vu43Ia1xHV32o3RSM,idari_yargilama,fQWgLN2NllV8cMpj0VHz,hard,"İdari Yargılama Usulü Kanunu'na (İYUK) göre, idare ve vergi mahkemelerinin kararlarına karşı başvurulabilecek kanun yolları olan 'İstinaf' ve 'Temyiz' hakkında aşağıdaki ifadelerden hangisi yanlıştır?"
"İdari Yargılama Usulü Kanunu'na (İYUK) göre, idari yargıda d",U2BH6DR3WOATNjEtG8YT,idari_yargilama,rpz667XvLsaXtCnuTItP,easy,"İdari Yargılama Usulü Kanunu'na (İYUK) göre, idari yargıda dilekçeler üzerinde yapılan ilk incelemede, 'idari merci tecavüzü' hangi durumu ifade eder?"
"İdari Yargılama Usulü Kanunu'na (İYUK) göre, idari yargıda d",ZzDRWLS7ecT0qfM4pdRA,idari_yargilama,qIG32ZAYpZXQHLQvSUIO,easy,"İdari Yargılama Usulü Kanunu'na (İYUK) göre, idari yargıda dava açılması, kural olarak, dava konusu idari işlemin yürütülmesini kendiliğinden durdurur mu?"
"İdari Yargılama Usulü Kanunu'na (İYUK) göre, ilan edilmesi g",IZvSoPc50fLpf2FRpkpN,idari_yargilama,nUz7oiYk0JSXStKyFHvn,medium,"İdari Yargılama Usulü Kanunu'na (İYUK) göre, ilan edilmesi gereken düzenleyici işlemler hakkında dava açma süresi ne zaman başlar?"
"İdari Yargılama Usulü Kanunu'na (İYUK) göre, ilan edilmesi g",R1oArqOPfy9udnMD8Rgm,idare_hukuku,VQZYOSUkQQRZp6XG2FYz,easy,"İdari Yargılama Usulü Kanunu'na (İYUK) göre, ilan edilmesi gereken bir düzenleyici idari işleme karşı açılacak iptal davası için genel dava açma süresi ne zaman başlar?"
"İdari Yargılama Usulü Kanunu'na (İYUK) göre, yürütmenin durd",Fafqrp4VboXtHwep0hvJ,idari_yargilama,qIG32ZAYpZXQHLQvSUIO,hard,"İdari Yargılama Usulü Kanunu'na (İYUK) göre, yürütmenin durdurulması kararı verilirken idarenin savunmasının alınması esastır. Ancak hangi durumda savunma alınmaksızın da yürütmenin durdurulması kararı verilebilir?"
"İdari Yargılama Usulü Kanunu'na (İYUK) göre, yürütmenin durd",fPoSxDrKV46i33zYMTro,idari_yargilama,"qIG32ZAYpZXQHLQvSUIO,C1ufrZGrc8Df4yLnJCK6",medium,"İdari Yargılama Usulü Kanunu'na (İYUK) göre, yürütmenin durdurulması kararı verilirken, aşağıdaki kamu görevlileri hakkında tesis edilen idari işlemlerden hangisi 'uygulanmakla etkisi tükenecek olan idari işlemler' arasında sayılmaz?"
"İdari Yargılama Usulü Kanunu'na (İYUK) göre, özel kanunların",cedNvm3vXFLGcoHj06Wh,idari_yargilama,"vASr8U5r0fdtJ2zTYaCh,C1ufrZGrc8Df4yLnJCK6",medium,"İdari Yargılama Usulü Kanunu'na (İYUK) göre, özel kanunlarında ayrı süre gösterilmeyen hallerde, vergi mahkemelerinde dava açma süresi kaç gündür?"
"İdari Yargılama Usulü Kanunu'na (İYUK) göre, özel kanunların",y1ScXTYboF3g4bv4fITV,idari_yargilama,nUz7oiYk0JSXStKyFHvn,easy,"İdari Yargılama Usulü Kanunu'na (İYUK) göre, özel kanunlarında ayrı süre gösterilmeyen hâllerde, Danıştay, idare mahkemeleri ve vergi mahkemelerinde dava açma süreleri sırasıyla aşağıdakilerden hangisinde doğru verilmiştir?"
"İdari Yargılama Usulü Kanunu'na göre, Danıştay, bölge idare ",8869BzZF8ZRf1fdc3BVC,idari_yargilama,e9Xc8gqwsqTa7zDttAVv,medium,"İdari Yargılama Usulü Kanunu'na göre, Danıştay, bölge idare mahkemeleri ile idare ve vergi mahkemelerinin dosyaların incelenmesi aşamasındaki yetkileriyle ilgili olarak aşağıdakilerden hangisi doğrudur?"
"İdari Yargılama Usulü Kanunu'na göre, Danıştay, bölge idare ",BqZQQejrD6965DmGcQhc,idari_yargilama,C1ufrZGrc8Df4yLnJCK6,easy,"İdari Yargılama Usulü Kanunu'na göre, Danıştay, bölge idare mahkemeleri, idare ve vergi mahkemelerinin esasa ilişkin kararlarının idarece yerine getirilmesi için öngörülen azami süre kaç gündür?"
"İdari Yargılama Usulü Kanunu'na göre, genel dava açma süresi",8ji5M66HCaxIC2WOZ3ol,idari_yargilama,"vASr8U5r0fdtJ2zTYaCh,C1ufrZGrc8Df4yLnJCK6",medium,"İdari Yargılama Usulü Kanunu'na göre, genel dava açma süresi ile idari makamların sükutu üzerine dava açma süresi hakkında aşağıdaki ifadelerden hangisi doğrudur?"
"İdari Yargılama Usulü Kanunu'na göre, genel dava açma süresi",bVmpasrSVgh0R1PK5oOI,idare_hukuku,"AnLESvHTUczfEiGx2Jbe,1HWGE59uPhvsPceAjF7D",easy,"İdari Yargılama Usulü Kanunu'na göre, genel dava açma süresi Danıştay ve idare mahkemelerinde kaç gündür?"
"İdari Yargılama Usulü Kanunu'na göre, idare ve vergi mahkeme",JF3bYehbEvSwbif6ETDp,idari_yargilama,FJI0uSVSd6hI8Y9MMvsx,easy,"İdari Yargılama Usulü Kanunu'na göre, idare ve vergi mahkemelerinin kararlarına karşı, başka kanunlarda farklı bir kanun yolu öngörülmüş olsa dahi, tebliğden itibaren kaç gün içinde istinaf yoluna başvurulabilir?"
"İdari Yargılama Usulü Kanunu'na göre, idare ve vergi mahkeme",bTekx80nOnQ4m9T2HRyx,idari_yargilama,Y0DbJynzX1QUsWf0SfAl,easy,"İdari Yargılama Usulü Kanunu'na göre, idare ve vergi mahkemelerinin kararlarına karşı istinaf ve temyiz yoluna başvurma süresi, kararın tebliğinden itibaren kaç gündür?"
"İdari Yargılama Usulü Kanunu'na göre, idari eylemlerden kayn",DmGlLm7NlEMZO3IiROmH,idari_yargilama,"OT6OY8qnzo6XDoc75Hmc,aQbFodYlGwAD1rt3SMP5",medium,"İdari Yargılama Usulü Kanunu'na göre, idari eylemlerden kaynaklanan kişisel hak ihlalleri nedeniyle doğrudan tam yargı davası açmak isteyen bir ilgilinin izlemesi gereken yol ve süreler hakkında aşağıdakilerden hangisi doğrudur?"
"İdari Yargılama Usulü Kanunu'na göre, idari eylemlerden kayn",wKM0fHVX96TvQ82tPthf,idari_yargilama,aQbFodYlGwAD1rt3SMP5,easy,"İdari Yargılama Usulü Kanunu'na göre, idari eylemlerden kaynaklanan tam yargı davalarında, hakları ihlal edilenlerin idareye başvurma süresi ve eylem tarihinden itibaren en geç başvurma süresi ne kadardır?"
"İdari Yargılama Usulü Kanunu'na göre, tam yargı davalarında ",YTfGZgganNqdtzt8kFxM,idari_yargilama,"OT6OY8qnzo6XDoc75Hmc,C1ufrZGrc8Df4yLnJCK6",medium,"İdari Yargılama Usulü Kanunu'na göre, tam yargı davalarında yetkili mahkemenin belirlenmesinde aşağıdaki öncelik sıralaması dikkate alındığında, hangisi doğru bir sıralama değildir?"
"İdari Yargılama Usulü Kanunu'na göre, tam yargı davalarında ",ZjVrAcaOn6vbQNUJ9KEf,idare_hukuku,"AnLESvHTUczfEiGx2Jbe,1HWGE59uPhvsPceAjF7D",medium,"İdari Yargılama Usulü Kanunu'na göre, tam yargı davalarında dava açılmadan önce idareye başvuru süresi kaç yıldır?"
"İdari Yargılama Usulü Kanunu'na göre, yürütmenin durdurulmas",MhmniuWSH4FKI5IvotDq,idari_yargilama,e9Xc8gqwsqTa7zDttAVv,medium,"İdari Yargılama Usulü Kanunu'na göre, yürütmenin durdurulması kararı verilebilmesi için aşağıdaki şartlardan hangisinin birlikte gerçekleşmesi zorunludur?"
"İdari Yargılama Usulü Kanunu'na göre, yürütmenin durdurulmas",rIWnOowbnp88G2vO55ux,idari_yargilama,"qIG32ZAYpZXQHLQvSUIO,C1ufrZGrc8Df4yLnJCK6",medium,"İdari Yargılama Usulü Kanunu'na göre, yürütmenin durdurulması istemleri hakkında verilen kararlara karşı itiraz yoluna başvurulmasına ilişkin aşağıdaki ifadelerden hangisi doğrudur?"
"İdari Yargılama Usulü Kanunu'na göre, yürütmenin durdurulmas",uaOuC4WMTTfgOjtDpR0y,idare_hukuku,AnLESvHTUczfEiGx2Jbe,hard,"İdari Yargılama Usulü Kanunu'na göre, yürütmenin durdurulması kararı verilebilmesi için aşağıdaki şartlardan hangilerinin birlikte gerçekleşmesi gerekir?"
"İdari Yargılama Usulü Kanunu'na göre, yürütmenin durdurulmas",xl4P728VKqZTkwjZ7LJy,idari_yargilama,fQWgLN2NllV8cMpj0VHz,medium,"İdari Yargılama Usulü Kanunu'na göre, yürütmenin durdurulması istemli davalarda verilen kararların tebliğ edilmesi ve yazılması ile ilgili aşağıdakilerden hangisi doğrudur?"
İdari Yargılama Usulü Kanunu'nun 20/A maddesinde düzenlenen ,ezdFb0dK2LxiGL5yo2D2,idari_yargilama,C1ufrZGrc8Df4yLnJCK6,hard,İdari Yargılama Usulü Kanunu'nun 20/A maddesinde düzenlenen 'İvedi Yargılama Usulü'ne tabi davalar arasında aşağıdakilerden hangisi bulunmaz?
İdari Yargılama Usulü Kanunu'nun 20/A maddesinde düzenlenen ,jCpeaiUplGXkxRcfITiS,idari_yargilama,yDmDD7UMxGSCpJwCNlCL,medium,"İdari Yargılama Usulü Kanunu'nun 20/A maddesinde düzenlenen ivedi yargılama usulünde, dosyanın tekemmülünden itibaren kararın en geç ne kadar süre içinde verilmesi gerekmektedir?"
"İş Kanunu'na (4857 sayılı Kanun) göre, belirsiz süreli iş sö",L7VzuafM6q0zkTa5f3jv,is_hukuku,cb5pAtWjjGPmdubFEHvh,easy,"İş Kanunu'na (4857 sayılı Kanun) göre, belirsiz süreli iş sözleşmesini haklı bir neden olmaksızın ve bildirim sürelerine uymadan fesheden tarafın ödemekle yükümlü olduğu tazminat türü aşağıdakilerden hangisidir?"
"İş Kanunu'na (4857 sayılı Kanun) göre, belirsiz süreli iş sö",QTJNdVFfiRHxGZDU5BK5,is_hukuku,cglkP0iqMCfmHKnwlLcC,easy,"İş Kanunu'na (4857 sayılı Kanun) göre, belirsiz süreli iş sözleşmelerinin sona erdirilmesinde ""bildirimli fesih""in temel amacı aşağıdakilerden hangisidir?"
"İş Kanunu'na göre, işçilerin ücretlerinin ödenmemesi nedeniy",UhVOKHQuSwcUjm7GpLD1,is_hukuku,sAjxZkmBrg0kJ2MOa66e,easy,"İş Kanunu'na göre, işçilerin ücretlerinin ödenmemesi nedeniyle iş görme borcunu toplu olarak yerine getirmemesi durumu hukuken ne olarak nitelendirilir?"
"İş Kanunu'na göre, işçilerin ücretlerinin ödenmemesi nedeniy",mWRuusRC0NMkqauwhqjw,is_hukuku,sAjxZkmBrg0kJ2MOa66e,medium,"İş Kanunu'na göre, işçilerin ücretlerinin ödenmemesi nedeniyle toplu olarak iş bırakması ile yasal bir grev arasındaki işveren açısından işçi çıkarma ve işe alma yetkisi farklılıkları nelerdir?"
